,resid,chain,plddt,Uniprot Code,pKa mean,pKa stdev,PDB Code,sasa,sasa stdev
0,1124.0,A,N/A,P21453,10.07,0.05656854249492385,/3v2w/3v2y,37.94746128732848,4.912069888440129
1,256.0,A,N/A,P21453,10.17,,/3v2w,59.636656993554176,
2,1043.0,A,N/A,P21453,10.225000000000001,0.007071067811865324,/3v2w/3v2y,18.780980844397117,2.878502203605257
3,1147.0,A,N/A,P21453,10.33,0.0,/3v2w/3v2y,68.49373934434283,1.2319512747115224
4,111.0,A,N/A,P21453,10.469999999999999,0.1838477631085022,/3v2w/3v2y,76.5020844423484,10.853430797568912
5,316.0,A,N/A,P21453,10.395,0.049497474683058526,/3v2w/3v2y,73.62281477533337,24.001263532467096
6,148.0,A,N/A,P21453,10.385,0.02121320343559723,/3v2w/3v2y,74.89263998092966,3.922209453827622
7,1048.0,A,N/A,P21453,10.395,0.06363961030678918,/3v2w/3v2y,68.56089088731332,7.932929466188878
8,283.0,A,N/A,P21453,10.495,0.06363961030678918,/3v2w/3v2y,77.36132639556695,1.1998560734864059
9,1085.0,A,N/A,P21453,10.535,0.06363961030678918,/3v2w/3v2y,52.6238040676549,9.23703130861488
10,1065.0,A,N/A,P21453,10.870000000000001,0.22627416997969416,/3v2w/3v2y,61.70114151589133,15.771077429697062
11,1060.0,A,N/A,P21453,11.195,0.26162950903902327,/3v2w/3v2y,56.18080689983499,6.641739752301921
12,34.0,A,N/A,P21453,11.6,1.315218613006978,/3v2w/3v2y,36.598114517688195,10.613908499168522
13,200.0,A,N/A,P21453,9.93,0.09899494936611705,/3v2w/3v2y,16.744819743327497,8.698378032393784
14,74.0,A,N/A,P21453,10.41,,/3v2y,87.19568949854809,
15,46.0,A,N/A,P21453,10.44,,/3v2y,66.40119320012599,
16,265.0,C,N/A,P12755,10.15,,/1MR1,28.711309785468384,
17,310.0,C,N/A,P12755,10.17,,/1MR1,30.699021637333438,
18,258.0,C,N/A,P12755,10.29,,/1MR1,46.30818836131169,
19,294.0,C,N/A,P12755,10.46,,/1MR1,82.77461778693691,
20,227.0,C,N/A,P12755,11.41,,/1MR1,49.94435278337755,
21,308.0,C,N/A,P12755,8.9,,/1MR1,12.30286953053933,
22,229.0,C,N/A,P12755,9.42,,/1MR1,42.11344222045287,
23,258.0,D,N/A,P12755,10.22,,/1MR1,42.97724930049617,
24,227.0,D,N/A,P12755,10.3,,/1MR1,62.7732754587758,
25,265.0,D,N/A,P12755,10.39,,/1MR1,75.18855510145139,
26,229.0,D,N/A,P12755,10.43,,/1MR1,57.50665717442031,
27,294.0,D,N/A,P12755,10.47,,/1MR1,67.7456639561685,
28,308.0,D,N/A,P12755,8.7,,/1MR1,17.944744512381423,
29,310.0,D,N/A,P12755,9.66,,/1MR1,6.834927516966294,
30,340.0,B,N/A,P12755,10.23,,/1MR1,47.30878562148004,
31,519.0,B,N/A,P12755,10.37,,/1MR1,63.59656908355717,
32,385.0,B,N/A,P12755,10.71,,/1MR1,50.63059442864607,
33,392.0,B,N/A,P12755,11.27,,/1MR1,11.733292237458803,
34,436.0,B,N/A,P12755,11.72,,/1MR1,14.922925078709742,
35,428.0,B,N/A,P12755,8.54,,/1MR1,9.454983065136709,
36,507.0,B,N/A,P12755,9.73,,/1MR1,24.59935770100105,
37,19.0,B,N/A,P12755,10.35,,/5XOD,59.76245159939168,
38,340.0,A,N/A,P12755,10.63,,/1MR1,59.79196948036604,
39,519.0,A,N/A,P12755,10.69,,/1MR1,64.470749964342,
40,385.0,A,N/A,P12755,11.71,,/1MR1,35.11920977601079,
41,392.0,A,N/A,P12755,12.21,,/1MR1,28.80784830971933,
42,436.0,A,N/A,P12755,12.61,,/1MR1,13.669855033932588,
43,507.0,A,N/A,P12755,9.51,,/1MR1,42.57699076147474,
44,428.0,A,N/A,P12755,9.69,,/1MR1,0.0,
45,375.0,A,N/A,P12755,10.59,,/5XOD,51.18554368093332,
46,383.0,A,N/A,P12755,10.91,,/5XOD,31.15681059182372,
47,451.0,A,N/A,P12755,9.78,,/5XOD,22.769707229519742,
48,420.0,A,N/A,P12755,9.97,,/5XOD,39.38248190662605,
49,162.0,A,N/A,P12755,10.09,,/1SBX,18.4668052165764,
50,119.0,A,N/A,P12755,10.57,,/1SBX,3429.106964242267,
51,179.0,A,N/A,P12755,11.07,,/1SBX,33.5082599681122,
