,resid,chain,pKa,sasa,PDB Code,carbam
0,46,A,9.65,29.27627286433896,AF-P27708-F1-model_v1,No
1,74,A,11.04,15.83424874763858,AF-P27708-F1-model_v1,No
2,126,A,10.58,10.93588402714607,AF-P27708-F1-model_v1,No
3,127,A,11.27,12.758531365003748,AF-P27708-F1-model_v1,No
4,137,A,9.84,7.746251185895133,AF-P27708-F1-model_v1,No
5,165,A,9.91,0.0,AF-P27708-F1-model_v1,No
6,186,A,11.31,8.315828478975657,AF-P27708-F1-model_v1,No
7,265,A,11.52,22.32742988875656,AF-P27708-F1-model_v1,No
8,268,A,9.76,0.0,AF-P27708-F1-model_v1,No
9,358,A,10.08,18.90996613027341,AF-P27708-F1-model_v1,No
10,395,A,11.8,0.0,AF-P27708-F1-model_v1,No
11,421,A,11.69,12.075038613307118,AF-P27708-F1-model_v1,No
12,424,A,10.4,7.404504810046818,AF-P27708-F1-model_v1,No
13,449,A,9.82,12.644615906387644,AF-P27708-F1-model_v1,No
14,490,A,11.51,15.150755995941951,AF-P27708-F1-model_v1,No
15,592,A,10.47,35.99728492268915,AF-P27708-F1-model_v1,No
16,595,A,9.77,29.390188322955066,AF-P27708-F1-model_v1,No
17,598,A,12.42,11.277630402994385,AF-P27708-F1-model_v1,No
18,654,A,11.04,12.30286953053933,AF-P27708-F1-model_v1,No
19,696,A,7.33,0.0,AF-P27708-F1-model_v1,No
20,708,A,11.14,0.0,AF-P27708-F1-model_v1,No
21,739,A,8.63,0.0,AF-P27708-F1-model_v1,No
22,747,A,8.81,0.0,AF-P27708-F1-model_v1,No
23,754,A,10.29,26.54230185755244,AF-P27708-F1-model_v1,No
24,760,A,9.36,6.607096599734084,AF-P27708-F1-model_v1,No
25,778,A,10.67,0.0,AF-P27708-F1-model_v1,No
26,795,A,11.0,7.632335727279028,AF-P27708-F1-model_v1,No
27,808,A,9.63,35.08596125376031,AF-P27708-F1-model_v1,No
28,841,A,10.18,35.65553854684084,AF-P27708-F1-model_v1,No
29,867,A,10.76,0.0,AF-P27708-F1-model_v1,No
30,874,A,10.44,28.59278011264233,AF-P27708-F1-model_v1,No
31,889,A,11.51,18.6821352130412,AF-P27708-F1-model_v1,No
32,901,A,9.72,0.0,AF-P27708-F1-model_v1,No
33,964,A,10.08,29.390188322955066,AF-P27708-F1-model_v1,No
34,968,A,11.33,24.94748543692697,AF-P27708-F1-model_v1,No
35,1050,A,11.25,14.695094161477533,AF-P27708-F1-model_v1,No
36,1127,A,9.36,0.0,AF-P27708-F1-model_v1,No
37,1133,A,11.26,0.0,AF-P27708-F1-model_v1,No
38,1177,A,11.37,22.213514430140453,AF-P27708-F1-model_v1,No
39,1183,A,11.25,18.5682197544251,AF-P27708-F1-model_v1,No
40,1206,A,10.15,16.631656957951314,AF-P27708-F1-model_v1,No
41,1211,A,9.6,17.20123425103184,AF-P27708-F1-model_v1,No
42,1228,A,6.79,0.0,AF-P27708-F1-model_v1,No
43,1262,A,9.65,6.493181141117979,AF-P27708-F1-model_v1,No
44,1301,A,10.57,0.0,AF-P27708-F1-model_v1,No
45,1309,A,10.1,36.90860859161799,AF-P27708-F1-model_v1,No
46,1312,A,10.53,36.794693133001886,AF-P27708-F1-model_v1,No
47,1313,A,10.54,33.83289120898316,AF-P27708-F1-model_v1,No
48,1323,A,11.06,9.79672944098502,AF-P27708-F1-model_v1,No
49,1325,A,8.82,15.378586913174162,AF-P27708-F1-model_v1,No
50,1358,A,10.48,32.12415932974158,AF-P27708-F1-model_v1,No
51,1387,A,9.68,18.226473378576785,AF-P27708-F1-model_v1,No
52,1411,A,10.04,19.47954342335393,AF-P27708-F1-model_v1,No
53,1431,A,11.16,15.83424874763858,AF-P27708-F1-model_v1,No
54,1434,A,10.66,19.93520525781836,AF-P27708-F1-model_v1,No
55,1450,A,12.11,8.771490313440077,AF-P27708-F1-model_v1,No
56,1460,A,11.42,23.352669016301505,AF-P27708-F1-model_v1,No
57,1482,A,9.8,8.429743937591763,AF-P27708-F1-model_v1,No
58,1521,A,10.42,35.08596125376031,AF-P27708-F1-model_v1,No
59,1556,A,10.81,0.0,AF-P27708-F1-model_v1,Yes
60,1618,A,10.52,14.467263244245322,AF-P27708-F1-model_v1,No
61,1625,A,10.25,21.98568351290825,AF-P27708-F1-model_v1,No
62,1628,A,10.9,0.0,AF-P27708-F1-model_v1,No
63,1657,A,10.65,21.64393713705993,AF-P27708-F1-model_v1,No
64,1695,A,7.42,0.0,AF-P27708-F1-model_v1,No
65,1768,A,11.15,0.0,AF-P27708-F1-model_v1,No
66,1778,A,10.56,35.427707629608626,AF-P27708-F1-model_v1,No
67,1780,A,11.78,17.65689608549626,AF-P27708-F1-model_v1,No
68,1811,A,11.37,10.02456035821723,AF-P27708-F1-model_v1,No
69,1934,A,10.37,32.35199024697379,AF-P27708-F1-model_v1,No
70,1961,A,11.49,22.32742988875656,AF-P27708-F1-model_v1,No
71,1963,A,11.16,21.530021678443823,AF-P27708-F1-model_v1,No
72,2003,A,10.45,29.845850157419484,AF-P27708-F1-model_v1,No
73,2036,A,11.42,19.93520525781836,AF-P27708-F1-model_v1,No
74,2082,A,10.36,20.04912071643446,AF-P27708-F1-model_v1,No
75,2125,A,11.39,21.757852595676034,AF-P27708-F1-model_v1,No
76,2149,A,10.63,23.466584474917607,AF-P27708-F1-model_v1,No
77,2176,A,11.02,9.113236689288392,AF-P27708-F1-model_v1,No
78,2177,A,10.35,33.71897575036705,AF-P27708-F1-model_v1,No
79,2178,A,9.95,30.1875965332678,AF-P27708-F1-model_v1,No
0,77,A,10.9,14.353347785629218,2vor,No
1,387,A,11.21,9.227152147904498,2vor,No
2,153,A,11.22,13.442024116700376,2vor,No
3,218,A,7.78,14.581178702861427,2vor,Yes
4,125,D,10.09,30.871089284964427,2zw3,Yes
5,125,B,10.09,31.896328412509373,2zw3,Yes
6,125,E,10.09,32.4659057055899,2zw3,Yes
7,103,C,10.1,34.28855304344757,2zw3,No
8,103,E,10.1,31.32675111942885,2zw3,No
9,125,C,10.1,29.95976561603559,2zw3,Yes
10,103,D,10.1,32.12415932974158,2zw3,No
11,103,B,10.1,32.4659057055899,2zw3,No
12,125,F,10.1,32.92156754005431,2zw3,Yes
13,103,A,10.1,31.32675111942885,2zw3,No
14,125,A,10.1,33.605060291750945,2zw3,Yes
15,103,F,10.11,32.92156754005431,2zw3,No
16,41,A,10.15,37.3642704260824,2zw3,No
17,41,E,10.15,35.88336946407305,2zw3,No
18,41,C,10.15,30.871089284964427,2zw3,No
19,41,F,10.25,35.427707629608626,2zw3,No
20,41,B,10.26,38.38950955362736,2zw3,No
21,41,D,10.26,36.90860859161799,2zw3,No
22,105,C,10.5,30.98500474358053,2zw3,No
23,105,D,10.5,30.757173826348325,2zw3,No
24,105,F,10.5,29.27627286433896,2zw3,No
25,105,B,10.5,32.579821164206,2zw3,No
26,105,A,10.5,29.95976561603559,2zw3,No
27,105,E,10.5,29.504103781571168,2zw3,No
28,22,F,10.62,0.0,2zw3,No
29,22,D,10.62,0.0,2zw3,No
30,22,C,10.63,0.0,2zw3,No
31,22,B,10.64,0.0,2zw3,No
32,22,E,10.65,0.0,2zw3,No
33,22,A,10.66,0.0,2zw3,No
34,168,C,11.23,14.011601409780903,2zw3,No
35,168,E,11.23,15.83424874763858,2zw3,No
36,168,D,11.23,12.644615906387644,2zw3,No
37,168,F,11.23,15.150755995941951,2zw3,No
38,168,B,11.23,16.403826040719107,2zw3,No
39,168,A,11.25,15.036840537325848,2zw3,No
40,188,D,7.62,0.0,2zw3,No
41,188,C,7.63,0.0,2zw3,No
42,188,F,7.64,0.0,2zw3,No
43,188,E,7.65,0.0,2zw3,No
44,188,B,7.66,0.0,2zw3,No
45,188,A,7.68,0.0,2zw3,No
46,61,C,9.57,11.961123154691014,2zw3,No
47,61,A,9.58,12.416784989155431,2zw3,No
48,61,F,9.58,11.847207696074909,2zw3,No
49,61,D,9.59,11.6193767788427,2zw3,No
50,61,B,9.6,13.328108658084274,2zw3,No
51,61,E,9.63,13.669855033932588,2zw3,No
52,102,C,9.74,15.264671454558057,2zw3,No
53,102,E,9.74,14.581178702861427,2zw3,No
54,102,F,9.75,16.74557241656742,2zw3,No
55,102,D,9.75,16.74557241656742,2zw3,No
56,102,A,9.76,16.51774149933521,2zw3,No
57,102,B,9.76,17.087318792415736,2zw3,No
58,108,E,9.83,10.821968568529964,2zw3,No
59,108,C,9.83,10.25239127544944,2zw3,No
60,108,B,9.84,8.885405772056183,2zw3,No
61,108,A,9.84,10.70805310991386,2zw3,No
62,108,F,9.84,10.93588402714607,2zw3,No
63,108,D,9.84,10.70805310991386,2zw3,No
64,317,D,10.21,15.264671454558057,4xbj,No
65,185,A,10.22,5.695772930805244,4xbj,No
66,73,C,10.32,21.18827530259551,4xbj,No
67,28,A,10.33,30.301511991883903,4xbj,No
68,356,B,10.34,32.4659057055899,4xbj,No
69,28,C,10.35,34.8581303365281,4xbj,No
70,356,D,10.37,31.09892020219664,4xbj,No
71,73,D,10.39,28.137118278177912,4xbj,No
72,356,C,10.39,30.301511991883903,4xbj,No
73,339,A,10.41,34.63029941929589,4xbj,No
74,28,B,10.41,23.010922640453188,4xbj,No
75,148,B,10.43,28.137118278177912,4xbj,No
76,339,B,10.44,32.238074788357686,4xbj,No
77,167,A,10.44,39.75649505702061,4xbj,No
78,339,C,10.44,33.83289120898316,4xbj,No
79,185,D,10.45,0.0,4xbj,No
80,173,D,10.45,29.61801924018728,4xbj,No
81,173,A,10.45,38.27559409501125,4xbj,No
82,148,C,10.46,29.845850157419484,4xbj,No
83,173,C,10.47,36.33903129853746,4xbj,No
84,339,D,10.48,30.757173826348325,4xbj,No
85,173,B,10.51,28.82061102987454,4xbj,No
86,167,B,10.52,30.1875965332678,4xbj,No
87,317,B,10.54,27.795371902329595,4xbj,No
88,317,A,10.57,32.12415932974158,4xbj,No
89,248,A,10.65,31.440666578044954,4xbj,No
90,248,C,10.66,21.530021678443823,4xbj,No
91,317,C,10.68,28.36494919541012,4xbj,No
92,248,B,10.73,34.74421487791199,4xbj,No
93,185,B,10.83,6.721012058350189,4xbj,No
94,34,D,10.88,21.074359843979405,4xbj,No
95,34,C,13.13,20.618698009514983,4xbj,No
96,34,B,13.49,0.0,4xbj,No
97,34,A,13.79,7.746251185895133,4xbj,No
98,122,C,6.84,21.302190761211616,4xbj,Yes
99,122,D,6.85,13.214193199468168,4xbj,Yes
100,122,A,7.03,26.200555481704125,4xbj,Yes
101,122,B,7.09,25.289231812775288,4xbj,Yes
102,73,B,8.22,0.0,4xbj,No
103,73,A,9.93,12.416784989155431,4xbj,No
104,185,C,9.99,0.0,4xbj,No
