,resid,chain,plddt,Uniprot Entry,pKa,PDB Code,sasa
0,28,A,N/A,P0A6B4,10.39,/4XBJ-alt1B/4XBJ-alt1A,57.23562935820125
1,34,A,N/A,P0A6B4,10.69,/4XBJ-alt1B/4XBJ-alt1A,8.042477193189871
2,73,A,N/A,P0A6B4,9.93,/4XBJ-alt1B/4XBJ-alt1A,13.538169941869617
3,122,A,N/A,P0A6B4,6.97,/4XBJ-alt1B/4XBJ-alt1A,31.231619766887334
4,167,A,N/A,P0A6B4,10.44,/4XBJ-alt1B/4XBJ-alt1A,113.8010522836367
5,173,A,N/A,P0A6B4,10.45,/4XBJ-alt1B/4XBJ-alt1A,101.46925392074554
6,185,A,N/A,P0A6B4,10.34,/4XBJ-alt1B/4XBJ-alt1A,0.0
7,248,A,N/A,P0A6B4,10.65,/4XBJ-alt1B/4XBJ-alt1A,51.7399366095215
8,317,A,N/A,P0A6B4,10.57,/4XBJ-alt1B/4XBJ-alt1A,66.61851941692277
9,339,A,N/A,P0A6B4,10.41,/4XBJ-alt1B/4XBJ-alt1A,93.15869415444935
10,28,B,N/A,P0A6B4,10.41,/4XBJ-alt1B/4XBJ-alt1A,51.87397789607467
11,34,B,N/A,P0A6B4,10.28,/4XBJ-alt1B/4XBJ-alt1A,9.382890058721516
12,73,B,N/A,P0A6B4,8.22,/4XBJ-alt1B/4XBJ-alt1A,0.0
13,122,B,N/A,P0A6B4,7.11,/4XBJ-alt1B/4XBJ-alt1A,25.19976187199493
14,148,B,N/A,P0A6B4,10.43,/4XBJ-alt1B/4XBJ-alt1A,97.58205661070377
15,167,B,N/A,P0A6B4,10.52,/4XBJ-alt1B/4XBJ-alt1A,89.40553813096075
16,173,B,N/A,P0A6B4,10.51,/4XBJ-alt1B/4XBJ-alt1A,78.9503177798139
17,185,B,N/A,P0A6B4,10.83,/4XBJ-alt1B/4XBJ-alt1A,8.176518479743036
18,248,B,N/A,P0A6B4,10.73,/4XBJ-alt1B/4XBJ-alt1A,62.99940467998733
19,317,B,N/A,P0A6B4,10.54,/4XBJ-alt1B/4XBJ-alt1A,57.23562935820125
20,339,B,N/A,P0A6B4,10.44,/4XBJ-alt1B/4XBJ-alt1A,83.23963894951518
21,356,B,N/A,P0A6B4,10.34,/4XBJ-alt1B/4XBJ-alt1A,78.81627649326074
22,28,C,N/A,P0A6B4,10.48,/4XBJ-alt1B/4XBJ-alt1A,60.318578948924035
23,34,C,N/A,P0A6B4,6.25,/4XBJ-alt1B/4XBJ-alt1A,0.0
24,73,C,N/A,P0A6B4,8.83,/4XBJ-alt1B/4XBJ-alt1A,12.063715789784808
25,122,C,N/A,P0A6B4,5.04,/4XBJ-alt1B/4XBJ-alt1A,15.68283052672025
26,148,C,N/A,P0A6B4,10.49,/4XBJ-alt1B/4XBJ-alt1A,94.49910701998098
27,167,C,N/A,P0A6B4,10.41,/4XBJ-alt1B/4XBJ-alt1A,97.31397403759745
28,173,C,N/A,P0A6B4,10.39,/4XBJ-alt1B/4XBJ-alt1A,78.01202877394175
29,185,C,N/A,P0A6B4,10.4,/4XBJ-alt1B/4XBJ-alt1A,0.0
30,248,C,N/A,P0A6B4,10.53,/4XBJ-alt1B/4XBJ-alt1A,42.893211697012646
31,317,C,N/A,P0A6B4,10.37,/4XBJ-alt1B/4XBJ-alt1A,70.37167544041137
32,339,C,N/A,P0A6B4,10.43,/4XBJ-alt1B/4XBJ-alt1A,76.80565719496327
33,356,C,N/A,P0A6B4,10.34,/4XBJ-alt1B/4XBJ-alt1A,81.76518479743036
34,28,D,N/A,P0A6B4,9.86,/4XBJ-alt1B/4XBJ-alt1A,31.231619766887334
35,34,D,N/A,P0A6B4,7.68,/4XBJ-alt1B/4XBJ-alt1A,18.8998214039962
36,73,D,N/A,P0A6B4,10.47,/4XBJ-alt1B/4XBJ-alt1A,32.57203263241898
37,122,D,N/A,P0A6B4,6.26,/4XBJ-alt1B/4XBJ-alt1A,27.88058760305822
38,148,D,N/A,P0A6B4,10.3,/4XBJ-alt1B/4XBJ-alt1A,50.93568889020252
39,167,D,N/A,P0A6B4,10.47,/4XBJ-alt1B/4XBJ-alt1A,85.51834082091895
40,173,D,N/A,P0A6B4,10.36,/4XBJ-alt1B/4XBJ-alt1A,81.09497836466454
41,185,D,N/A,P0A6B4,10.63,/4XBJ-alt1B/4XBJ-alt1A,0.0
42,248,D,N/A,P0A6B4,10.36,/4XBJ-alt1B/4XBJ-alt1A,62.731322106880995
43,317,D,N/A,P0A6B4,10.29,/4XBJ-alt1B/4XBJ-alt1A,50.131441170883534
44,339,D,N/A,P0A6B4,10.43,/4XBJ-alt1B/4XBJ-alt1A,80.69285450500504
45,356,D,N/A,P0A6B4,10.19,/4XBJ-alt1B/4XBJ-alt1A,65.54618912449745
