,resid,chain,pKa,sasa,PDB Code,Chain_Resid,Assembled Index,plddt,Uniprot Entry
0,28,A,10.33,57.23562935820125,4XBJ,A28,206.0,N/A,P0A6B4
1,34,A,10.7,8.042477193189871,4XBJ,A34,249.0,N/A,P0A6B4
2,73,A,9.93,13.538169941869617,4XBJ,A73,533.0,N/A,P0A6B4
3,122,A,6.99,31.231619766887334,4XBJ,A122,922.0,N/A,P0A6B4
4,167,A,10.44,113.8010522836367,4XBJ,A167,1284.0,N/A,P0A6B4
5,173,A,10.45,101.46925392074554,4XBJ,A173,1324.0,N/A,P0A6B4
6,185,A,10.23,0.0,4XBJ,A185,1419.0,N/A,P0A6B4
7,248,A,10.65,51.7399366095215,4XBJ,A248,1898.0,N/A,P0A6B4
8,317,A,10.57,66.61851941692277,4XBJ,A317,2397.0,N/A,P0A6B4
9,339,A,10.41,93.15869415444935,4XBJ,A339,2563.0,N/A,P0A6B4
10,28,B,10.41,51.87397789607467,4XBJ,B28,2936.0,N/A,P0A6B4
11,34,B,10.28,9.382890058721516,4XBJ,B34,2979.0,N/A,P0A6B4
12,73,B,8.28,0.0,4XBJ,B73,3267.0,N/A,P0A6B4
13,122,B,7.11,25.19976187199493,4XBJ,B122,3656.0,N/A,P0A6B4
14,148,B,10.44,97.58205661070377,4XBJ,B148,3869.0,N/A,P0A6B4
15,167,B,10.52,89.40553813096075,4XBJ,B167,4022.0,N/A,P0A6B4
16,173,B,10.51,78.9503177798139,4XBJ,B173,4062.0,N/A,P0A6B4
17,185,B,10.83,8.176518479743036,4XBJ,B185,4157.0,N/A,P0A6B4
18,248,B,10.73,62.99940467998733,4XBJ,B248,4636.0,N/A,P0A6B4
19,317,B,10.54,57.23562935820125,4XBJ,B317,5135.0,N/A,P0A6B4
20,339,B,10.44,83.23963894951518,4XBJ,B339,5301.0,N/A,P0A6B4
21,356,B,10.34,78.81627649326074,4XBJ,B356,5435.0,N/A,P0A6B4
22,28,C,10.35,58.30795965062657,4XBJ,C28,5669.0,N/A,P0A6B4
23,34,C,10.59,20.642358129187336,4XBJ,C34,5712.0,N/A,P0A6B4
24,73,C,10.32,28.550794035824044,4XBJ,C73,6000.0,N/A,P0A6B4
25,122,C,6.72,21.178523275399993,4XBJ,C122,6383.0,N/A,P0A6B4
26,148,C,10.45,86.45662982679113,4XBJ,C148,6596.0,N/A,P0A6B4
27,173,C,10.47,81.49710222432404,4XBJ,C173,6785.0,N/A,P0A6B4
28,185,C,9.99,0.0,4XBJ,C185,6880.0,N/A,P0A6B4
29,248,C,10.66,45.70807871462911,4XBJ,C248,7349.0,N/A,P0A6B4
30,317,C,10.68,49.72931731122404,4XBJ,C317,7835.0,N/A,P0A6B4
31,339,C,10.44,82.03326737053669,4XBJ,C339,7976.0,N/A,P0A6B4
32,356,C,10.39,79.48648292602655,4XBJ,C356,8110.0,N/A,P0A6B4
33,34,D,10.88,23.99339029301645,4XBJ,D34,8378.0,N/A,P0A6B4
34,73,D,10.39,44.36766584909746,4XBJ,D73,8654.0,N/A,P0A6B4
35,122,D,6.85,22.78701871403797,4XBJ,D122,9030.0,N/A,P0A6B4
36,173,D,10.45,76.93969848151643,4XBJ,D173,9413.0,N/A,P0A6B4
37,185,D,10.45,0.0,4XBJ,D185,9508.0,N/A,P0A6B4
38,317,D,10.21,66.08235427071011,4XBJ,D317,10436.0,N/A,P0A6B4
39,339,D,10.48,72.9184598849215,4XBJ,D339,10596.0,N/A,P0A6B4
40,356,D,10.37,64.20577625896581,4XBJ,D356,10730.0,N/A,P0A6B4
