Uniprot Entry,PDB Code
P04406,AF
P04406,
P62987,AF
P62987,
P10809,AF
P10809,
P63261,AF
P63261,
Q99832,AF
Q99832,
P62807,AF
P62807,
P60709,AF
P60709,
P60709,AF
P60709,
P12277,AF
P12277,
P00338,AF
P00338,
O60506,AF
O60506,
P53396,AF
P53396,
P15311,AF
P15311,
O75531,AF
O75531,
Q9BWD1,AF
Q9BWD1,
P10412,AF
P10412,
Q01813,AF
Q01813,
Q00796,AF
Q00796,
P49005,AF
P49005,
O95671,AF
O95671,
P37802,AF
P37802,
P61224,AF
P61224,
P11021,AF
P11021,
P08133,AF
P08133,
O43390,AF
O43390,
Q9UIJ7,AF
Q9UIJ7,
O60763,AF
O60763,
P15924,AF
P15924,
P22392,AF
P22392,
P15531,AF
P15531,
P09211,AF
P09211,
P0A6B4,AF
P0A6B4,
P0C2C2,AF
P0C2C2,
P10724,AF
P10724,
P14489,AF
P14489,
P69996,AF
P69996,
Q5L1E2,AF
Q5L1E2,
Q70AC7,AF
Q70AC7,
P22188,AF
P22188,
P39377,AF
P39377,
P11498,AF
P11498,
P27708,AF
P27708,
P06733,AF
P06733,
P06733,AF
P06733,
Q15181,AF
Q15181,
P34931,AF
P34931,
P22102,AF
P22102,
Q96A08,AF
Q96A08,
P10412,AF
P10412,
P14618,AF
P14618,
P17987,AF
P17987,
P12268,AF
P12268,
Q12906,AF
Q12906,
P62805,AF
P62805,
Q9NRN7,AF
Q9NRN7,
P18669,AF
P18669,
P08670,AF
P08670,
P08238,AF
P08238,
P06748,AF
P06748,
Q16658,AF
Q16658,
Q7KZF4,AF
Q7KZF4,
P00390,AF
P00390,
P49419,AF
P49419,
P31930,AF
P31930,
P34931,AF
P34931,
P10412,AF
P10412,
Q16531,AF
Q16531,
Q96KP4,AF
Q96KP4,
P0A7K2,AF
P0A7K2,
P0A6P9,AF
P0A6P9,
P0ACF8,AF
P0ACF8,
P63104,AF
P63104,
P15531,AF
P15531,
P36683,AF
P36683,
P22392,AF
P22392,
P39207,AF
P39207,
P0CG48,AF
P0CG48,
P0A6F5,AF
P0A6F5,
P18669,AF
P18669,
P61981,AF
P61981,
P31946,AF
P31946,
P62258,AF
P62258,
Q04917,AF
Q04917,
P02925,AF
P02925,
P0A9P0,AF
P0A9P0,
P10809,AF
P10809,
P62805,AF
P62805,
P0A9B2,AF
P0A9B2,
P0A853,AF
P0A853,
P69776,AF
P69776,