Uniprot Code,PDB Code,LYS RESID,
P04406,1U8F,66,/
P04406,6YND,66,/
P62987,2LJ5,11,/
P62987,2MBH,11,/
Q9HB71,AF,59,/
P0DMV9,AF,539,/
P0DMV8,AF,539,/
P10809,AF,218,/
P10809,AF,233,/
P63261,AF,328,/
Q99832,AF,401,/
P62807,AF,58,/
P62807,AF,6,/
P67809,AF,264,/
P60709,6NBW,328,/
P60709,3BYH,328,/
P12277,3B6R,156,/
P12277,3DRB,156,/
P00338,5W8J,42,/
P00338,6SBV,42,/
Q12931,AF,577,/
Q8N257,AF,58,/
Q6PEY2,AF,394,/
P68032,AF,330,/
P63267,AF,329,/
O60506,AF,256,/
Q6FI81,AF,180,/
P62750,AF,88,/
P53396,6UUZ,944,/
P53396,6UV5,944,/
P15311,1NI2,83,/
P15311,4RM8,83,/
O75531,1CI4,18,/
O75531,1QCK,18,/
Q9BWD1,1WL4,200,/
Q9BWD1,1WL5,200,/
P60981,AF,44,/
P68133,AF,330,/
Q562R1,AF,329,/
P62736,AF,329,/
P29966,AF,69,/
P48668,AF,426,/
P10412,3TZD,34,/
P02538,AF,426,/
Q58FF7,AF,230,/
P46459,AF,458,/
O00567,AF,230,/
Q01813,4XZ2,156,/
Q01813,4XYJ,156,/
Q9ULV4,AF,205,/
Q00796,1PL8,5 OR 6,/
Q00796,1PL6,5 OR 6,/
Q53GS9,AF,459,/
Q9Y2R4,AF,583,/
P55265,AF,564,/
P49005,3E0J,267,/
P49790,AF,1072,/
Q6S8J3,AF,295,/
O95671,2P5X,100,/
O95671,AF,100,/
Q8N142,AF,158,/
Q8N3F8,AF,357,/
O00471,AF,297,/
Q68EM7,AF,295,/
P37802,AF,88,/
P35527,AF,321,/
P07900,AF,419,/
P61224,AF,104,/
P11021,5EXW,125,/
P11021,5F0X,125,/
P08133,AF,191,/
P39023,AF,39,/
O43390,AF,374,/
P13861,AF,135,/
P05023,AF,9,/
Q9Y285,AF,117,/
Q9UIJ7,6ZJE,146,/
Q9BXP5,AF,343,/
Q9NW13,AF,602,/
Q02539,AF,131,/
O60763,2W3C,596,/
P15924,5DZZ,2026,/
Q969X6,AF,281,/
Q63ZY6,AF,56,/
Q96PC5,AF,362,/
P22392,3BBF,12/124,/
P22392,3BBC,12/124,/
P15531,1UCN,12,/
P15531,2HVD,12,/
P62805,AF,92,/
P09211,6Y1E,128 (MIGHT BE 127),/
P09211,2A2R,128 (MIGHT BE 127),/
P0A6B4,4XBJ,122,/
P0A6B4,4WR3,122,/
P0C2C2,1BXN,204,/
P10724,1BD0,129,/
P10724,1SFT,129,/
P14489,1E3U,70,/
P14489,1EWZ,70,/
P69996,1E9Y,219,/
P69996,1E9Z,219,/
Q5L1E2,2OEJ,173,/
Q70AC7,1RQE,184,/
P05020,AF,103,
P22188,7B53,225,
P22188,7B60,225,
P39377,1YBQ,162,
P11498,3BG9,741,
P27708,4C6B,1556,