Q13237,
Q9H0K1,
Q99683,
O96013,
Q13627,
Q9H3Y6,
P22607,
P22612,
P51617,
Q9UGJ0,
Q96GD4,
P17252,
Q9HBY8,
P49674,
P43403,
P54619,
Q96RR4,
P36507,
P04629,
P15056,
Q96PF2,
Q13976,
Q05655,
Q8N4C8,
Q9H2G2,
O00311,
Q04759,
O00329,
Q13557,
Q04771,
P23443,
P51957,
Q14012,
Q13153,
Q9HCP0,
Q9P1W9,
Q16566,
P42679,
P15735,
P06239,
P11802,
Q07912,
Q7KZI7,
Q13554,
P43405,
Q12851,
P49841,
P06213,
P07333,
P12931,
P42684,
P42685,
Q15078,
P52333,
P07332,
P29597,
P42336,
O96017,
Q14164,
Q9UGI9,
O15530,
Q96RG2,
P51955,
P49840,
Q15118,
Q13555,
P45984,
P42345,
P49760,
P34947,
O75116,
Q8TDC3,
Q9UBE8,
Q8IU85,
P09769,
P31751,
Q5VT25,
P54646,
P53667,
Q9P289,
Q14289,
Q15418,
P07949,
P24941,
Q02763,
P07948,
P29323,
P48736,
P19784,
Q9Y243,
Q9BWU1,
O14920,
O75676,
Q16288,
O60285,
Q9Y478,
Q16539,
Q13131,
Q5S007,
P17948,
P45983,
Q9H2X6,
P04049,
Q08881,
P35916,
P09619,
P50750,
Q9HAZ1,
P49759,
Q16513,
P08922,
Q8IW41,
Q16512,
Q9UBS0,
P21802,
P48730,
Q9UHD2,
P78368,
Q05397,
P11309,
Q9BUB5,
Q04912,
P48729,
P80192,
Q9Y463,
Q15759,
Q9NYL2,
Q9HC98,
P06241,
P41240,
Q9UM73,
Q96L34,
P52564,
Q9HBH9,
P27448,
P29317,
Q13882,
Q86V86,
Q13464,
P30530,
Q9NWZ3,
P67870,
P06493,
O00141,
P68400,
P22455,
P22694,
P08069,
P30291,
P17612,
Q14680,
P51451,
P50613,
Q96KB5,
O00418,
Q16644,
Q02779,
Q9NR20,
Q9UBF8,
Q9Y6M4,
Q9H4B4,
Q02750,
P05771,
O60674,
P07947,
Q02156,
P31749,
O43293,
O95819,
P41279,
P23458,
Q15303,
O14757,
Q9BXA7,
O15111,
Q9UEE5,
O14965,
P29376,
Q06418,
P00519,
P00533,
O15264,
Q13177,
P42338,
Q13188,
P53779,
Q7L7X3,
P36888,
P51813,
P51812,
P53778,
P08581,
Q16620,
P10721,
P53350,
O43741,
Q9UQM7,
P16234,
P16591,
Q16584,
P51817,
Q96SB4,
P54760,
Q05513,
P27361,
Q12866,
P49137,
P08631,
P11362,
Q00535,
Q06187,
P41743,
O75582,
P35968,
P05129,
O43781,
Q9Y4K4,
Q9BZL6,
P04626,
P28482,
Q8NE63,
P24723,
O94806,
P49336,
O00444,
Q00534,
Q15139,
O15075,
