Uniprot Code,PDB Code,LYS RESID
P04406,1U8F,66
P04406,6YND,66
P62987,2LJ5,11
P62987,2MBH,11
Q9HB71,AF,59
P0DMV9,AF,539
P0DMV8,AF,539
P10809,AF,218 AND 233
P10809,6MRD,194 AND 209
P63261,5JLH,327
Q99832,6NR8,401 AND 418
P62807,AF,6 AND 58
P62807,5GT0,57
P67809,AF,264
P60709,6NBW,328
P60709,3BYH,328
P12277,3B6R,156
P12277,3DRB,156
P00338,5W8J,42
P00338,6SBV,42
Q12931,AF,577
Q8N257,AF,58 AND 21 AND 117
Q6PEY2,AF,394
P68032,AF,330
P63267,AF,329
O60506,6KOR,21
Q6FI81,AF,180
P62750,AF,88
P53396,6UUZ,944
P53396,6UV5,944
P15311,1NI2,83
P15311,4RM8,83
O75531,1CI4,18
O75531,1QCK,18
Q9BWD1,1WL4,200
Q9BWD1,1WL5,200
P60981,AF,44
P68133,AF,330
Q562R1,AF,329
P62736,AF,329
P29966,AF,69
P48668,AF,426
P10412,3TZD,34
P02538,AF,426
Q58FF7,AF,230
P46459,AF,458
O00567,AF,230
Q01813,4XZ2,156
Q01813,4XYJ,156
Q9ULV4,AF,205
Q00796,1PL8,5 OR 6
Q00796,1PL6,5 OR 6
Q53GS9,AF,459
Q9Y2R4,AF,583
P55265,AF,564
P49005,3E0J,267
P49790,AF,1072
Q6S8J3,AF,295
O95671,2P5X,100
O95671,AF,100
Q8N142,AF,158
Q8N3F8,AF,357
O00471,AF,297
Q68EM7,AF,295
P37802,1WYM,80
P35527,AF,321
P07900,AF,419
P61224,6OQ4,104
P11021,5EXW,125
P11021,5F0X,125
P08133,1M9I,191
P39023,AF,39
O43390,2DK2,49
P13861,AF,135
P05023,AF,9
Q9Y285,AF,117
Q9UIJ7,6ZJE,146
Q9BXP5,AF,343
Q9NW13,AF,602
Q02539,AF,131
O60763,2W3C,596
P15924,5DZZ,2026
Q969X6,AF,281
Q63ZY6,AF,56
Q96PC5,AF,362
P22392,3BBF,12/124
P22392,3BBC,12/124
P15531,1UCN,12
P15531,2HVD,12
P62805,2CV5,91
P09211,6Y1E,128 (MIGHT BE 127)
P09211,2A2R,128 (MIGHT BE 127)
P0A6B4,4XBJ,122
P0A6B4,4WR3,122
P0C2C2,1BXN,204
P10724,1BD0,129
P10724,1SFT,129
P14489,1E3U,70
P14489,1EWZ,70
P69996,1E9Y,219
P69996,1E9Z,219
Q5L1E2,2OEJ,173
Q70AC7,1RQE,184
P05020,AF,103
P22188,7B53,225
P22188,7B60,225
P39377,1YBQ,162
P11498,3BG9,741
P27708,4C6B,1556
P06733,2PSN,233
P06733,3B97,232
Q15181,6C45,199
Q15181,7BTN,199
P34931,3GDQ,114
P34931,AF,114
P22102,2V9Y,633
P22102,AF,633
P16403,AF,106/63
P46779,AF,47
P16402,AF,107
Q96A08,AF,118
Q96A08,5GSU,118
P10412,7K5Y,106
P10412,AF,106
O76021,AF,380
Q06210,AF,522
P16401,AF,109
Q92785,AF,196
Q6P158,AF,1094
P14618,3GR4,367
P14618,6WP3,367
P17987,6QP8,245
P17987,7LUM,245
P12268,6I0O,293
P12268,6I0M,293
P26639,AF,223
Q12906,AF,574
Q12906,3P1X,574
P62805,2CV5,91
P62805,4H9N,91
P54886,AF,357
Q9NRN7,2C43,68
Q9NRN7,2BYD,68
Q14789,AF,88
P18669,4GPZ,225
P18669,5Y2I,225
P68104,AF,457
Q05639,AF,457
P08670,3KLT,294
P08670,AF,292
P08238,5FWK,550
P08238,AF,550
P07900,AF,558
Q6IS14,AF,47
P06748,2LLH,26
Q16658,6L17,250
Q16658,6L18,250
Q7KZF4,3BDL,388
P00390,3DK8,137
P00390,3DK9,137
P49419,2J6L,215
P31930,5XTE,85
P31930,AF,85
P34931,3GDQ,114
P34931,AF,114
Q9UFN0,AF,154
P07954,AF,502
Q58FF7,AF,423
P16402,AF,64
P10412,7K5Y,63
Q14568,AF,313
Q16531,3EI2,864
Q16531,3EI3,864
P35580,AF,1395
Q96KP4,4RUH,134
Q96C19,AF,58
O75083,AF,480
Q8NBJ5,AF,517
Q58FG0,AF,243
P54707,AF,676
Q9UJQ1,AF,154
Q9ULV0,AF,734
Q9NQ94,AF,175
P0A7K2,1RQU,70
P0A7K2,1RQV,70
P0A6P9,2FYM,194
P0A6P9,6BFY,194
P0ACF8,1HNR,120
P0ACF8,1HNS,120
P63104,6ZFG,49
P63104,2O02,49
P15531,3L7U,12
P15531,1UCN,12
P36683,1L5J,77
P36683,AF,77
P0ACF0,AF,67
P22392,3BBC,12
P22392,3BBB,12
P39207,1U8W,9
P39207,AF,9
P0CG48,2O6V,6 AND 48
P0CG48,2NR2,6 AND 48
P0AEQ3,AF,127
P0A6F5,1AON,34 AND 51
P0A6F5,1GRL,34 AND 51
P18669,5Y2I,5
P18669,1YFK,5
P61981,3UZD,50
P61981,6S9K,50
P31946,6HEP,51
P31946,6A5Q,51
P62258,3UAL,50
P62258,3UBW,50
Q04917,2C63,50
Q04917,AF,50
P02925,2DRI,45
P02925,2GXG,45
P0A9P0,4JDR,61
P0A9P0,AF,61
P0ACF4,AF,67
P10809,4PJ1,133
P10809,6MRC,133
P36578,AF,294
O03042,AF,8 AND 183 AND 356
P62805,7K63,31 AND 91
P0A9B2,6UTN,196 AND 296
P0A9B2,6UTM,196 AND 296
P0A853,5D8G,121
P0A853,2V1P,121
P69776,1JCD,59
P69776,AF,59
P21276,AF,48 AND 208
Q9FHQ6,AF,48
Q9M2U7,AF,251
Q9SMU8,AF,262 AND 268
Q9XFT3,AF,110
Q41932,AF,116
Q42589,AF,65 AND 115