NAME;FAMILY;GROUPS;PDB;CHAIN;ALTERNATE_MODEL;SPECIES;LIGAND;PDB_IDENTIFIER;ALLOSTERIC_NAME;ALLOSTERIC_PDB;DFG;AC_HELIX,,,,,
CSNK2A1 (CK2a1);CK2;CMGC;4bxa;A;B;Human;4-[4-[2-[4,5,6,7-tetrakis(bromanyl)benzotriazol-2-yl]ethyl]-1,2,3-triazol-1-yl]butan-1-amine;JRJ;-;-;in;in
EPHA7 (EphA7);Eph;TK;3dko;A;B;Human;5-[(2-methyl-5-{[3-(trifluoromethyl)phenyl]carbamoyl}phenyl)amino]pyridine-3-carboxamide;IHZ;-;-;out;out,,,,,
EPHA7 (EphA7);Eph;TK;2rei;A;A;Human;-;-;-;-;in;in,,,,,
ITK;Tec;TK;3miy;B;-;Human;N-[2-(diethylamino)ethyl]-5-[(Z)-(5-fluoro-2-oxo-1,2-dihydro-3H-indol-3-ylidene)methyl]-2,4-dimethyl-1H-pyrrole-3-carboxamide;B49;-;-;in;out-like,,,
ITK;Tec;TK;4ppc;A;B;Human;N-{1-[(1R)-3-(dimethylamino)-1-phenylpropyl]-1H-pyrazol-4-yl}-6-(1H-pyrazol-4-yl)-1H-indazole-3-carboxamide;2VW;-;-;in;out,,,,,
ITK;Tec;TK;3qgy;A;A;Human;3-[(8-phenylthieno[2,3-h]quinazolin-2-yl)amino]benzenesulfonamide;PQC;-;-;in;out,,,,
ITK;Tec;TK;4l7s;B;B;Human;trans-4-({4-[difluoro(4-fluorophenyl)methyl]-6-[(5-methoxy[1,3]thiazolo[5,4-b]pyridin-2-yl)amino]pyrimidin-2-yl}amino)cyclohexanol;G7K;-;-;in;out-like,,,
ITK;Tec;TK;1snu;B;-;Human;STAUROSPORINE;STU;-;-;na;na,,,,,
ITK;Tec;TK;4kio;D;A;Human;1-[(3S)-3-{[4-(morpholin-4-ylmethyl)-6-([1,3]thiazolo[5,4-b]pyridin-2-ylamino)pyrimidin-2-yl]amino}pyrrolidin-1-yl]propan-1-one;G6K;-;-;in;out-like,,,
ITK;Tec;TK;4m12;A;A;Human;-;-;4-(carbamoylamino)-1-(7-ethoxynaphthalen-1-yl)-1H-pyrazole-3-carboxamide;1YZ;in;out,,,,,