Uniprot Entry,PDB Code,LYSINE POSITION
P04406,1U8F,66
P04406,1ZNQ,66
P04406,3GPD,66
P04406,AF,66
P62987,2LJ5,11
P62987,2MBH,11
P62987,2MJB,11
P62987,AF,11
P10809,6MRD,194 AND 209
P10809,4PJ1,194 AND 209
P10809,6HT7,194 AND 209
P10809,AF,218 AND 233
Q99832,6QB8,401 AND 418
Q99832,7LUM,401 AND 418
Q99832,6NR8,401 AND 418
Q99832,AF,401 AND 418
P62807,5GT0,57
P62807,5KGF,58 (OR 54)
P62807,6C0W,58 (OR 57)
P62807,AF,58
P60709,3J82,327/328
P60709,6LTJ,328
P60709,6NBW,328
P60709,AF,328
P12277,3B6R,156
P12277,3DRB,156
P12277,3DRE,156
P12277,AF,156
P00338,5W8K,42 (OR 41)
P00338,5W8J,42 (OR 41)
P00338,5W8H,42 (OR 41)
P00338,AF,42
P53396,6UUZ,944
P53396,6UV5,944
P53396,6UUW,944
P53396,AF,944
P15311,1NI2,83
P15311,4RM8,83
P15311,4MRA,83
P15311,AF,83
O75531,2BZF,18
O75531,1QCK,18
O75531,2EZX,18
O75531,AF,18
Q01813,4RH3,156
Q01813,4U1R,156
Q01813,4WL0,156
Q01813,AF,156
Q00796,1PL6,5
Q00796,1PL7,5
Q00796,1PL8,5
Q00796,AF,5
P49005,3EOJ,267
P49005,6TNY,367
P49005,6TNZ,367
P49005,AF,267
P22392,3BBF,12 AND 124
P22392,1NUE,12 AND 124
P22392,3BBB,12 AND 124
P22392,AF,12 AND 124
P15531,1JXV,12
P15531,1UCN,12
P15531,2HVD,12
P15531,AF,12
P09211,106S,127
P09211,6Y1E,128 (MIGHT BE 127)
P09211,2A2R,128 (MIGHT BE 127)
P09211,AF,127
P14489,1E3U,70
P14489,1EWZ,70
P14489,1FOF,70
P14489,AF,70
P22188,7B53,225
P22188,7B60,225
P22188,7B61,225
P22188,AF,225
Q15181,6C45,199
Q15181,7CMO,199
Q15181,7BTN,199
Q15181,AF,199
P14618,1ZJH,384 (OR 366)
P14618,3ME3,386 (OR 367)
P14618,3GR4,367
P14618,AF,367
P62805,7K61,91
P62805,4H9N,91
P62805,7K63,91
P62805,AF,91
Q9NRN7,2C43,68
Q9NRN7,2BYD,68
Q9NRN7,2CG5,68
Q9NRN7,AF,68
P18669,4GPZ,225
P18669,5Y2I,225
P18669,5Y2U,225
P18669,AF,225
P00390,3DK8,137
P00390,3DK9,137
P00390,1BWC,137
P00390,AF,137
Q16531,3EI2,864
Q16531,3EI3,864
Q16531,2B5L,864
Q16531,AF,864
P0A7K2,1RQU,70
P0A7K2,1RQV,70
P0A7K2,1CTF,70
P0A7K2,AF,70
P0A6P9,2FYM,194
P0A6P9,6BFY,194
P0A6P9,1E9I,194
P0A6P9,AF,194
P61981,3UZD,50
P61981,6S9K,50
P61981,2B05,50
P61981,AF,50
P31946,6HEP,51
P31946,6A5Q,51
P31946,4DNK,51
P31946,AF,51
P62258,3UAL,50
P62258,3UBW,50
P62258,6EIH,50
P62258,AF,50
P02925,2DRI,45
P02925,2GXG,45
P02925,1URP,45
P02925,AF,45
P0A853,5D8G,121
P0A853,2V1P,121
P0A853,2C44,121
P0A853,AF,121