Uniprot Code,PDB_Code
P04406,
P62987,
Q9HB71,
P0DMV9,
P0DMV8,
P10809,
P63261,
P60709,
P12277,
P00338,
Q99832,
P13639,
P62807,
O60814,
P57053,
Q16778,
P06899,
P67809,
P53396,
Q12931,
Q8N257,
P15311,
O75531,
Q6PEY2,
P68032,
Q9BWD1,
P60981,
P68133,
Q562R1,
P63267,
P62736,
O60506,
P29966,
Q6FI81,
P48668,
P62750,
P10412,
P02538,
Q58FF7,
P46459,
O00567,
Q01813,
Q9ULV4,
Q00796,
Q53GS9,
Q9Y2R4,
P55265,
P49005,
P49790,
Q6S8J3,
O95671,
Q8N142,
Q8N3F8,
O00471,
Q68EM7,
P37802,
P35527,
P07900,
P61224,
P11021,
P08133,
P39023,
O43390,
P13861,
P05023,
Q9Y285,
Q9UIJ7,
Q9BXP5,
Q9NW13,
Q02539,
O60763,
P15924,
Q969X6,
Q63ZY6,
Q96PC5,
