PDB_Code,Chain,Resid,PLDDT
AF-P40616-F1-model_v6,A,30,98.56
AF-P40616-F1-model_v6,A,59,85.38
AF-P40616-F1-model_v6,A,62,92.31
AF-P40616-F1-model_v6,A,104,98.75
AF-P40616-F1-model_v6,A,118,93.69
AF-P40616-F1-model_v6,A,127,98.25
AF-P40616-F1-model_v6,A,149,92.31
AF-P40616-F1-model_v6,A,152,96.38
AF-P40616-F1-model_v6,A,157,98.69
AF-P40616-F1-model_v6,A,162,96.75
AF-P40616-F1-model_v6,A,178,87.94
AF-Q16825-F1-model_v6,A,8,39.56
AF-Q16825-F1-model_v6,A,10,41.59
AF-Q16825-F1-model_v6,A,20,63.78
AF-Q16825-F1-model_v6,A,71,90.06
AF-Q16825-F1-model_v6,A,82,94.12
AF-Q16825-F1-model_v6,A,85,91.81
AF-Q16825-F1-model_v6,A,86,92.56
AF-Q16825-F1-model_v6,A,90,91.12
AF-Q16825-F1-model_v6,A,125,94.56
AF-Q16825-F1-model_v6,A,126,92.81
AF-Q16825-F1-model_v6,A,166,76.69
AF-Q16825-F1-model_v6,A,179,84.00
AF-Q16825-F1-model_v6,A,187,93.50
AF-Q16825-F1-model_v6,A,194,94.81
AF-Q16825-F1-model_v6,A,225,94.38
AF-Q16825-F1-model_v6,A,244,90.19
AF-Q16825-F1-model_v6,A,246,81.94
AF-Q16825-F1-model_v6,A,266,94.00
AF-Q16825-F1-model_v6,A,276,69.75
AF-Q16825-F1-model_v6,A,291,93.62
AF-Q16825-F1-model_v6,A,302,89.81
AF-Q16825-F1-model_v6,A,333,34.84
AF-Q16825-F1-model_v6,A,456,68.25
AF-Q16825-F1-model_v6,A,634,34.06
AF-Q16825-F1-model_v6,A,653,33.41
AF-Q16825-F1-model_v6,A,698,34.00
AF-Q16825-F1-model_v6,A,699,33.59
AF-Q16825-F1-model_v6,A,761,28.52
AF-Q16825-F1-model_v6,A,769,35.28
AF-Q16825-F1-model_v6,A,815,32.62
AF-Q16825-F1-model_v6,A,816,37.16
AF-Q16825-F1-model_v6,A,826,36.00
AF-Q16825-F1-model_v6,A,827,38.25
AF-Q16825-F1-model_v6,A,840,31.41
AF-Q16825-F1-model_v6,A,841,30.28
AF-Q16825-F1-model_v6,A,847,40.22
AF-Q16825-F1-model_v6,A,848,43.00
AF-Q16825-F1-model_v6,A,853,46.72
AF-Q16825-F1-model_v6,A,872,36.75
AF-Q16825-F1-model_v6,A,885,89.75
AF-Q16825-F1-model_v6,A,905,91.69
AF-Q16825-F1-model_v6,A,906,91.00
AF-Q16825-F1-model_v6,A,944,92.31
AF-Q16825-F1-model_v6,A,957,95.81
AF-Q16825-F1-model_v6,A,1006,93.88
AF-Q16825-F1-model_v6,A,1027,97.44
AF-Q16825-F1-model_v6,A,1045,97.19
AF-Q16825-F1-model_v6,A,1047,97.69
AF-Q16825-F1-model_v6,A,1075,91.69
AF-Q16825-F1-model_v6,A,1169,90.38
