Uniprot_Entry,PDB Code,Method,Resolution,Chain,Resid,pKa,sasa
P74285,Demo\curated\AF-P74285-F1-model_v3,Predicted,,A,2,10.94,19.860297907984318
P74285,Demo\curated\AF-P74285-F1-model_v3,Predicted,,A,10,10.31,75.15717189983897
P74285,Demo\curated\AF-P74285-F1-model_v3,Predicted,,A,23,11.84,17.91885909791278
P74285,Demo\curated\AF-P74285-F1-model_v3,Predicted,,A,31,11.38,26.135400159065608
P74285,Demo\curated\AF-P74285-F1-model_v3,Predicted,,A,90,10.44,75.39688196429256
P74285,Demo\curated\AF-P74285-F1-model_v3,Predicted,,A,99,10.24,19.517929758589986
P74285,Demo\curated\AF-P74285-F1-model_v3,Predicted,,A,100,9.85,34.95015282133949
P74285,Demo\curated\AF-P74285-F1-model_v3,Predicted,,A,130,10.74,60.819335727936846
P74285,Demo\curated\AF-P74285-F1-model_v3,Predicted,,A,135,10.38,45.723099454504066
P74285,Demo\curated\AF-P74285-F1-model_v3,Predicted,,A,144,9.88,18.73577136261655
P74285,Demo\curated\AF-P74285-F1-model_v3,Predicted,,A,164,10.46,38.92043871208402
P74285,Demo\curated\AF-P74285-F1-model_v3,Predicted,,A,171,11.20,43.13318356085403
P74285,Demo\curated\AF-P74285-F1-model_v3,Predicted,,A,212,10.47,68.26985178038936
P74285,Demo\curated\AF-P74285-F1-model_v3,Predicted,,A,234,10.28,42.82707462666988
P74285,Demo\curated\AF-P74285-F1-model_v3,Predicted,,A,251,10.51,74.90558268816397
P74285,Demo\curated\AF-P74285-F1-model_v3,Predicted,,A,296,11.23,45.53941445903949
P74285,Demo\curated\AF-P74285-F1-model_v3,Predicted,,A,335,9.92,24.21771964343684
P74285,Demo\curated\AF-P74285-F1-model_v3,Predicted,,A,345,11.50,51.8675310861501
P74285,Demo\curated\AF-P74285-F1-model_v3,Predicted,,A,383,11.36,46.80348007810421
Q8DIV4,Demo\curated\AF-Q8DIV4-F1-model_v3,Predicted,,A,238,10.33,61.11268194196579
P00879,Demo\curated\AF-P00879-F1-model_v3,Predicted,,A,7,10.48,84.5826370840013
P00879,Demo\curated\AF-P00879-F1-model_v3,Predicted,,A,11,10.47,88.10976206104883
P00879,Demo\curated\AF-P00879-F1-model_v3,Predicted,,A,15,10.43,79.40617596381915
P00879,Demo\curated\AF-P00879-F1-model_v3,Predicted,,A,33,10.30,56.07265102775047
P00879,Demo\curated\AF-P00879-F1-model_v3,Predicted,,A,82,9.27,6.403023976944647
P00879,Demo\curated\AF-P00879-F1-model_v3,Predicted,,A,129,10.46,86.26060753517649
P00879,Demo\curated\AF-P00879-F1-model_v3,Predicted,,A,147,10.29,57.46401659913252
P00879,Demo\curated\AF-P00879-F1-model_v3,Predicted,,A,162,9.22,35.09394613508817
P00879,Demo\curated\AF-P00879-F1-model_v3,Predicted,,A,165,10.57,10.070571600622927
P00879,Demo\curated\AF-P00879-F1-model_v3,Predicted,,A,176,10.37,33.2868104109576
P00879,Demo\curated\AF-P00879-F1-model_v3,Predicted,,A,178,12.16,34.69005512956103
P00879,Demo\curated\AF-P00879-F1-model_v3,Predicted,,A,184,10.08,63.984326701811185
P00879,Demo\curated\AF-P00879-F1-model_v3,Predicted,,A,202,8.66,2.5417775312184667
P00879,Demo\curated\AF-P00879-F1-model_v3,Predicted,,A,228,10.56,58.968054082038634
P00879,Demo\curated\AF-P00879-F1-model_v3,Predicted,,A,237,8.86,1.0489974219877167
P00879,Demo\curated\AF-P00879-F1-model_v3,Predicted,,A,253,10.72,54.72942381879998
P00879,Demo\curated\AF-P00879-F1-model_v3,Predicted,,A,259,11.35,36.246485214950454
P00879,Demo\curated\AF-P00879-F1-model_v3,Predicted,,A,262,10.43,76.85189751183327
P00879,Demo\curated\AF-P00879-F1-model_v3,Predicted,,A,306,10.73,24.391030838159878
P00879,Demo\curated\AF-P00879-F1-model_v3,Predicted,,A,317,9.03,7.317096539445377
P00879,Demo\curated\AF-P00879-F1-model_v3,Predicted,,A,335,9.80,60.18699203163147
P00879,Demo\curated\AF-P00879-F1-model_v3,Predicted,,A,359,11.16,44.22881399879347
P00879,Demo\curated\AF-P00879-F1-model_v3,Predicted,,A,451,10.51,65.61903480415255
P00879,Demo\curated\AF-P00879-F1-model_v3,Predicted,,A,464,11.53,33.28893753098347
P00879,Demo\curated\AF-P00879-F1-model_v3,Predicted,,A,467,10.94,63.76287714465657
P73832,Demo\curated\AF-P73832-F1-model_v3,Predicted,,A,18,10.19,19.905687376844
P73832,Demo\curated\AF-P73832-F1-model_v3,Predicted,,A,66,10.61,65.96716254007848
P73832,Demo\curated\AF-P73832-F1-model_v3,Predicted,,A,69,10.14,34.2121403471337
P73832,Demo\curated\AF-P73832-F1-model_v3,Predicted,,A,214,9.75,42.79356430503159
P73832,Demo\curated\AF-P73832-F1-model_v3,Predicted,,A,263,10.27,57.48014998640565
P73832,Demo\curated\3EN0-alt1A,X-ray,1.50,A,18,10.16,25.7537621015014
P73832,Demo\curated\3EN0-alt1A,X-ray,1.50,A,66,10.99,50.44514228731384
P73832,Demo\curated\3EN0-alt1A,X-ray,1.50,A,69,10.19,34.78659365381198
P73832,Demo\curated\3EN0-alt1A,X-ray,1.50,A,214,10.04,60.36367389347242
P73832,Demo\curated\3EN0-alt1A,X-ray,1.50,A,263,10.27,52.12124741785095
P73832,Demo\curated\3EN0-alt1A,X-ray,1.50,B,18,10.29,25.796402676789185
P73832,Demo\curated\3EN0-alt1A,X-ray,1.50,B,66,11.39,50.84504085217704
P73832,Demo\curated\3EN0-alt1A,X-ray,1.50,B,69,10.23,41.987025841069354
P73832,Demo\curated\3EN0-alt1A,X-ray,1.50,B,214,10.34,47.2585201390226
P73832,Demo\curated\3EN0-alt1A,X-ray,1.50,B,263,10.17,47.32979502235092
P73832,Demo\curated\3EN0-alt1A,X-ray,1.50,C,18,10.10,19.2599591868374
P73832,Demo\curated\3EN0-alt1A,X-ray,1.50,C,66,10.47,59.54738340231468
P73832,Demo\curated\3EN0-alt1A,X-ray,1.50,C,69,10.60,49.62636470197201
P73832,Demo\curated\3EN0-alt1A,X-ray,1.50,C,214,9.60,33.6684484685218
P73832,Demo\curated\3EN0-alt1A,X-ray,1.50,C,263,10.30,45.93842945096887
P73832,Demo\curated\3EN0-alt1B,X-ray,1.50,A,18,10.02,21.21327714413033
P73832,Demo\curated\3EN0-alt1B,X-ray,1.50,A,66,10.55,52.636926761968326
P73832,Demo\curated\3EN0-alt1B,X-ray,1.50,A,69,10.36,50.404890631439734
P73832,Demo\curated\3EN0-alt1B,X-ray,1.50,A,214,9.36,33.92491369379455
P73832,Demo\curated\3EN0-alt1B,X-ray,1.50,A,263,10.33,55.54784142998359
P73832,Demo\curated\3EN0-alt1B,X-ray,1.50,B,18,10.02,19.461904689600964
P73832,Demo\curated\3EN0-alt1B,X-ray,1.50,B,66,10.60,62.11291922797592
P73832,Demo\curated\3EN0-alt1B,X-ray,1.50,B,69,10.42,46.90852708245862
P73832,Demo\curated\3EN0-alt1B,X-ray,1.50,B,214,10.81,42.57672896208693
P73832,Demo\curated\3EN0-alt1B,X-ray,1.50,B,263,10.29,54.18573194018809
P73832,Demo\curated\3EN0-alt1B,X-ray,1.50,C,18,10.35,38.447138143866624
P73832,Demo\curated\3EN0-alt1B,X-ray,1.50,C,66,10.51,61.351148459327334
P73832,Demo\curated\3EN0-alt1B,X-ray,1.50,C,69,10.35,37.79529039317022
P73832,Demo\curated\3EN0-alt1B,X-ray,1.50,C,214,9.06,22.631149903527046
P73832,Demo\curated\3EN0-alt1B,X-ray,1.50,C,263,10.25,46.00057408064768
Q55650,Demo\curated\AF-Q55650-F1-model_v3,Predicted,,A,30,10.11,29.452332952633885
Q55650,Demo\curated\AF-Q55650-F1-model_v3,Predicted,,A,34,10.29,37.97835361508878
Q55650,Demo\curated\AF-Q55650-F1-model_v3,Predicted,,A,68,10.29,46.2347863579575
Q55650,Demo\curated\AF-Q55650-F1-model_v3,Predicted,,A,70,10.53,81.01012263809412
Q55650,Demo\curated\AF-Q55650-F1-model_v3,Predicted,,A,71,11.54,52.29305326609415
Q55650,Demo\curated\AF-Q55650-F1-model_v3,Predicted,,A,124,13.40,37.912576518904245
Q55650,Demo\curated\AF-Q55650-F1-model_v3,Predicted,,A,175,10.57,65.75333789009352
Q55650,Demo\curated\AF-Q55650-F1-model_v3,Predicted,,A,206,10.43,49.13356007936358
Q55650,Demo\curated\AF-Q55650-F1-model_v3,Predicted,,A,262,10.44,71.82924353198311
Q55650,Demo\curated\AF-Q55650-F1-model_v3,Predicted,,A,263,9.48,9.909139553121278
Q55650,Demo\curated\AF-Q55650-F1-model_v3,Predicted,,A,270,10.26,54.08094673522149
Q55650,Demo\curated\AF-Q55650-F1-model_v3,Predicted,,A,279,10.43,71.15337568745615
Q55650,Demo\curated\AF-Q55650-F1-model_v3,Predicted,,A,306,10.74,25.896311868158037
Q55650,Demo\curated\AF-Q55650-F1-model_v3,Predicted,,A,317,9.29,18.37726982594909
Q55650,Demo\curated\AF-Q55650-F1-model_v3,Predicted,,A,328,10.26,62.535070740802055
Q55650,Demo\curated\6IR4-alt-1,X-ray,2.00,A,30,10.25,26.500283055810673
Q55650,Demo\curated\6IR4-alt-1,X-ray,2.00,A,34,9.60,33.35108216066229
Q55650,Demo\curated\6IR4-alt-1,X-ray,2.00,A,68,10.28,39.2734424616077
Q55650,Demo\curated\6IR4-alt-1,X-ray,2.00,A,70,10.33,71.89413705523383
Q55650,Demo\curated\6IR4-alt-1,X-ray,2.00,A,71,11.64,52.23090863641532
Q55650,Demo\curated\6IR4-alt-1,X-ray,2.00,A,124,9.62,46.08035744407948
Q55650,Demo\curated\6IR4-alt-1,X-ray,2.00,A,175,9.95,39.64719381261446
Q55650,Demo\curated\6IR4-alt-1,X-ray,2.00,A,206,10.68,48.77142607619041
Q55650,Demo\curated\6IR4-alt-1,X-ray,2.00,A,262,10.40,54.14708380556424
Q55650,Demo\curated\6IR4-alt-1,X-ray,2.00,A,263,9.56,5.931228755207103
Q55650,Demo\curated\6IR4-alt-1,X-ray,2.00,A,270,10.22,42.58248854861853
Q55650,Demo\curated\6IR4-alt-1,X-ray,2.00,A,279,10.40,71.71657162045906
Q55650,Demo\curated\6IR4-alt-1,X-ray,2.00,A,306,10.20,35.77069755254898
Q55650,Demo\curated\6IR4-alt-1,X-ray,2.00,A,317,10.21,32.585318951349784
Q55650,Demo\curated\6IR4-alt-1,X-ray,2.00,A,328,10.02,47.36755958404095
Q55650,Demo\curated\6ITD-alt-1,X-ray,2.00,A,30,7.84,12.963847534885229
Q55650,Demo\curated\6ITD-alt-1,X-ray,2.00,A,34,10.30,42.1268267141541
Q55650,Demo\curated\6ITD-alt-1,X-ray,2.00,A,68,10.32,44.834290532925955
Q55650,Demo\curated\6ITD-alt-1,X-ray,2.00,A,70,10.49,81.34761477389068
Q55650,Demo\curated\6ITD-alt-1,X-ray,2.00,A,71,11.42,48.26274986569666
Q55650,Demo\curated\6ITD-alt-1,X-ray,2.00,A,175,10.19,55.822305363167516
Q55650,Demo\curated\6ITD-alt-1,X-ray,2.00,A,206,10.67,64.4582490435746
Q55650,Demo\curated\6ITD-alt-1,X-ray,2.00,A,262,10.67,76.09287563675659
Q55650,Demo\curated\6ITD-alt-1,X-ray,2.00,A,263,9.49,12.814294634604964
Q55650,Demo\curated\6ITD-alt-1,X-ray,2.00,A,270,10.09,50.883427187413105
Q55650,Demo\curated\6ITD-alt-1,X-ray,2.00,A,279,10.61,68.14467894809789
Q55650,Demo\curated\6ITD-alt-1,X-ray,2.00,A,306,10.73,28.273908458302962
Q55650,Demo\curated\6ITD-alt-1,X-ray,2.00,A,317,9.33,19.1277832209223
Q55650,Demo\curated\6ITD-alt-1,X-ray,2.00,A,328,10.21,53.24426861673888
Q55650,Demo\curated\6K36-alt-1,X-ray,2.30,A,30,9.91,25.225581836616616
Q55650,Demo\curated\6K36-alt-1,X-ray,2.30,A,34,10.25,41.24413735326579
Q55650,Demo\curated\6K36-alt-1,X-ray,2.30,A,68,10.31,48.033675401372406
Q55650,Demo\curated\6K36-alt-1,X-ray,2.30,A,70,10.40,72.37843319773879
Q55650,Demo\curated\6K36-alt-1,X-ray,2.30,A,71,10.85,53.1464865453959
Q55650,Demo\curated\6K36-alt-1,X-ray,2.30,A,124,10.07,56.43390145798982
Q55650,Demo\curated\6K36-alt-1,X-ray,2.30,A,175,10.34,65.38446255268451
Q55650,Demo\curated\6K36-alt-1,X-ray,2.30,A,206,10.63,58.752102312027816
Q55650,Demo\curated\6K36-alt-1,X-ray,2.30,A,262,10.48,65.16975432976574
Q55650,Demo\curated\6K36-alt-1,X-ray,2.30,A,263,9.12,5.926352741609345
Q55650,Demo\curated\6K36-alt-1,X-ray,2.30,A,270,9.39,31.734634565619913
Q55650,Demo\curated\6K36-alt-1,X-ray,2.30,A,279,10.44,68.26284864676573
Q55650,Demo\curated\6K36-alt-1,X-ray,2.30,A,306,10.90,40.66117556648403
Q55650,Demo\curated\6K36-alt-1,X-ray,2.30,A,317,9.87,18.393403213222214
Q55650,Demo\curated\6K36-alt-1,X-ray,2.30,A,328,10.02,50.93032200275262
Q55650,Demo\curated\6K37-alt-1,X-ray,2.50,A,30,9.97,23.7614360354264
Q55650,Demo\curated\6K37-alt-1,X-ray,2.50,A,34,10.09,39.11475930767794
Q55650,Demo\curated\6K37-alt-1,X-ray,2.50,A,68,10.24,30.82206734959903
Q55650,Demo\curated\6K37-alt-1,X-ray,2.50,A,70,9.56,23.47057691558154
Q55650,Demo\curated\6K37-alt-1,X-ray,2.50,A,71,10.29,43.80754605890116
Q55650,Demo\curated\6K37-alt-1,X-ray,2.50,A,175,9.17,32.542416576674185
Q55650,Demo\curated\6K37-alt-1,X-ray,2.50,A,206,10.52,38.379495727044024
Q55650,Demo\curated\6K37-alt-1,X-ray,2.50,A,262,10.52,78.23563817604568
Q55650,Demo\curated\6K37-alt-1,X-ray,2.50,A,263,9.31,7.775507267481687
Q55650,Demo\curated\6K37-alt-1,X-ray,2.50,A,270,10.28,55.70164857031559
Q55650,Demo\curated\6K37-alt-1,X-ray,2.50,A,279,10.29,60.503474766557176
Q55650,Demo\curated\6K37-alt-1,X-ray,2.50,A,306,10.79,30.45080309277636
Q55650,Demo\curated\6K37-alt-1,X-ray,2.50,A,317,9.66,17.07881031231226
Q55650,Demo\curated\6K37-alt-1,X-ray,2.50,A,328,10.19,56.179563352742946
Q55650,Demo\curated\6K38-alt-1,X-ray,1.78,A,30,10.15,22.928390383449507
Q55650,Demo\curated\6K38-alt-1,X-ray,1.78,A,34,10.25,39.62556263819755
Q55650,Demo\curated\6K38-alt-1,X-ray,1.78,A,68,10.29,41.862736581711715
Q55650,Demo\curated\6K38-alt-1,X-ray,1.78,A,70,10.13,57.788746014773885
Q55650,Demo\curated\6K38-alt-1,X-ray,1.78,A,71,10.84,68.68774905316376
Q55650,Demo\curated\6K38-alt-1,X-ray,1.78,A,124,11.69,48.483577649305246
Q55650,Demo\curated\6K38-alt-1,X-ray,1.78,A,175,10.34,72.11372129175038
Q55650,Demo\curated\6K38-alt-1,X-ray,1.78,A,206,10.57,43.539823459953055
Q55650,Demo\curated\6K38-alt-1,X-ray,1.78,A,262,10.35,63.822894654309536
Q55650,Demo\curated\6K38-alt-1,X-ray,1.78,A,263,9.19,6.517561209106773
Q55650,Demo\curated\6K38-alt-1,X-ray,1.78,A,270,10.18,52.313440893419006
Q55650,Demo\curated\6K38-alt-1,X-ray,1.78,A,279,10.40,73.89222270784043
Q55650,Demo\curated\6K38-alt-1,X-ray,1.78,A,306,10.16,38.243327320465
Q55650,Demo\curated\6K38-alt-1,X-ray,1.78,A,317,10.06,22.610402302043962
Q55650,Demo\curated\6K38-alt-1,X-ray,1.78,A,328,10.26,54.556112624076945
P77961,Demo\curated\AF-P77961-F1-model_v3,Predicted,,A,10,11.42,58.61842099963286
P77961,Demo\curated\AF-P77961-F1-model_v3,Predicted,,A,18,11.56,50.83316170495566
P77961,Demo\curated\AF-P77961-F1-model_v3,Predicted,,A,23,10.08,17.615499057300514
P77961,Demo\curated\AF-P77961-F1-model_v3,Predicted,,A,61,11.25,17.84483532101257
P77961,Demo\curated\AF-P77961-F1-model_v3,Predicted,,A,84,10.47,88.53191357387496
P77961,Demo\curated\AF-P77961-F1-model_v3,Predicted,,A,95,9.99,26.099140943855428
P77961,Demo\curated\AF-P77961-F1-model_v3,Predicted,,A,113,9.69,45.618314249537455
P77961,Demo\curated\AF-P77961-F1-model_v3,Predicted,,A,175,10.85,6.298860545524059
P77961,Demo\curated\AF-P77961-F1-model_v3,Predicted,,A,179,9.44,30.59397463297902
P77961,Demo\curated\AF-P77961-F1-model_v3,Predicted,,A,211,11.37,52.186140941101655
P77961,Demo\curated\AF-P77961-F1-model_v3,Predicted,,A,227,10.46,55.61636741974003
P77961,Demo\curated\AF-P77961-F1-model_v3,Predicted,,A,230,10.32,66.82396648649814
P77961,Demo\curated\AF-P77961-F1-model_v3,Predicted,,A,242,7.11,13.991213782456041
P77961,Demo\curated\AF-P77961-F1-model_v3,Predicted,,A,246,9.19,57.334851326177116
P77961,Demo\curated\AF-P77961-F1-model_v3,Predicted,,A,250,10.40,75.68685751120358
P77961,Demo\curated\AF-P77961-F1-model_v3,Predicted,,A,251,11.59,49.447293920717385
P77961,Demo\curated\AF-P77961-F1-model_v3,Predicted,,A,254,10.75,22.000933327247544
P77961,Demo\curated\AF-P77961-F1-model_v3,Predicted,,A,261,7.72,13.948573207168256
P77961,Demo\curated\AF-P77961-F1-model_v3,Predicted,,A,279,10.49,42.8340777602935
P77961,Demo\curated\AF-P77961-F1-model_v3,Predicted,,A,289,10.66,44.985970553232086
P77961,Demo\curated\AF-P77961-F1-model_v3,Predicted,,A,306,10.93,41.731182389342635
P77961,Demo\curated\AF-P77961-F1-model_v3,Predicted,,A,323,9.44,60.31252483808116
P77961,Demo\curated\AF-P77961-F1-model_v3,Predicted,,A,356,10.37,69.31122429520744
P77961,Demo\curated\AF-P77961-F1-model_v3,Predicted,,A,358,9.47,13.400005314958612
P77961,Demo\curated\AF-P77961-F1-model_v3,Predicted,,A,387,11.21,40.76533899790462
P77961,Demo\curated\AF-P77961-F1-model_v3,Predicted,,A,410,10.47,72.61326724859462
P77961,Demo\curated\AF-P77961-F1-model_v3,Predicted,,A,427,10.90,62.23995738090545
P77961,Demo\curated\AF-P77961-F1-model_v3,Predicted,,A,450,9.06,13.66285190030896
P77961,Demo\curated\3NG0-alt-1,X-ray,2.80,A,10,10.68,56.75738732653913
P77961,Demo\curated\3NG0-alt-1,X-ray,2.80,A,18,10.54,40.80735779964638
P77961,Demo\curated\3NG0-alt-1,X-ray,2.80,A,23,11.25,5.534962656849616
P77961,Demo\curated\3NG0-alt-1,X-ray,2.80,A,61,10.97,8.947550401735004
P77961,Demo\curated\3NG0-alt-1,X-ray,2.80,A,84,10.44,84.17023759837069
P77961,Demo\curated\3NG0-alt-1,X-ray,2.80,A,95,9.08,21.754841902716336
P77961,Demo\curated\3NG0-alt-1,X-ray,2.80,A,113,8.70,29.112451897423632
P77961,Demo\curated\3NG0-alt-1,X-ray,2.80,A,175,10.48,10.241133901774075
P77961,Demo\curated\3NG0-alt-1,X-ray,2.80,A,179,10.15,41.92249229197686
P77961,Demo\curated\3NG0-alt-1,X-ray,2.80,A,211,10.48,78.28377653847724
P77961,Demo\curated\3NG0-alt-1,X-ray,2.80,A,227,10.48,48.54172983832014
P77961,Demo\curated\3NG0-alt-1,X-ray,2.80,A,230,10.04,58.03359389221304
P77961,Demo\curated\3NG0-alt-1,X-ray,2.80,A,242,7.35,21.633923310476604
P77961,Demo\curated\3NG0-alt-1,X-ray,2.80,A,246,9.41,58.07135845390307
P77961,Demo\curated\3NG0-alt-1,X-ray,2.80,A,250,10.40,69.66121735177141
P77961,Demo\curated\3NG0-alt-1,X-ray,2.80,A,251,11.15,57.21030026743167
P77961,Demo\curated\3NG0-alt-1,X-ray,2.80,A,254,10.38,46.125746912939164
P77961,Demo\curated\3NG0-alt-1,X-ray,2.80,A,261,9.49,21.868135587786423
P77961,Demo\curated\3NG0-alt-1,X-ray,2.80,A,279,10.78,36.11731994199505
P77961,Demo\curated\3NG0-alt-1,X-ray,2.80,A,289,10.39,45.76999426984359
P77961,Demo\curated\3NG0-alt-1,X-ray,2.80,A,306,10.20,51.33084234116184
P77961,Demo\curated\3NG0-alt-1,X-ray,2.80,A,323,9.52,47.88323892815832
P77961,Demo\curated\3NG0-alt-1,X-ray,2.80,A,356,10.01,59.1328567966582
P77961,Demo\curated\3NG0-alt-1,X-ray,2.80,A,358,9.77,19.425645474390784
P77961,Demo\curated\3NG0-alt-1,X-ray,2.80,A,387,11.34,58.97417364272843
P77961,Demo\curated\3NG0-alt-1,X-ray,2.80,A,410,10.86,62.46503940456577
P77961,Demo\curated\3NG0-alt-1,X-ray,2.80,A,427,10.47,57.00959831176014
P77961,Demo\curated\3NG0-alt-1,X-ray,2.80,A,450,9.27,7.570812871146227
P73911,Demo\curated\AF-P73911-F1-model_v3,Predicted,,A,8,10.47,89.45511639002518
P73911,Demo\curated\AF-P73911-F1-model_v3,Predicted,,A,22,10.45,84.47572475900884
P73911,Demo\curated\AF-P73911-F1-model_v3,Predicted,,A,24,10.46,83.82786944897637
P73911,Demo\curated\AF-P73911-F1-model_v3,Predicted,,A,35,10.45,86.97486171493952
P73911,Demo\curated\AF-P73911-F1-model_v3,Predicted,,A,69,10.62,75.51842233007831
P73911,Demo\curated\AF-P73911-F1-model_v3,Predicted,,A,92,10.84,27.694579138026917
P73911,Demo\curated\AF-P73911-F1-model_v3,Predicted,,A,158,8.96,12.956844401261598
P73911,Demo\curated\AF-P73911-F1-model_v3,Predicted,,A,167,8.89,16.952393932928747
P73911,Demo\curated\AF-P73911-F1-model_v3,Predicted,,A,168,10.39,63.72449080942053
P73911,Demo\curated\AF-P73911-F1-model_v3,Predicted,,A,169,12.39,42.00715166900642
P73911,Demo\curated\AF-P73911-F1-model_v3,Predicted,,A,173,10.14,35.51973011442002
P73911,Demo\curated\AF-P73911-F1-model_v3,Predicted,,A,194,10.42,81.0862735350202
P73911,Demo\curated\AF-P73911-F1-model_v3,Predicted,,A,210,10.68,52.35670324225282
P73911,Demo\curated\AF-P73911-F1-model_v3,Predicted,,A,218,10.33,76.77911728202511
P73911,Demo\curated\AF-P73911-F1-model_v3,Predicted,,A,294,11.78,14.208670898946712
P73911,Demo\curated\AF-P73911-F1-model_v3,Predicted,,A,300,10.54,71.28892232048915
P73911,Demo\curated\AF-P73911-F1-model_v3,Predicted,,A,326,10.66,75.39750373783858
P73911,Demo\curated\AF-P73911-F1-model_v3,Predicted,,A,364,11.44,38.64296408594039
P73911,Demo\curated\AF-P73911-F1-model_v3,Predicted,,A,365,9.27,32.93380666143391
P73911,Demo\curated\AF-P73911-F1-model_v3,Predicted,,A,379,11.10,59.028071591691585
P73911,Demo\curated\AF-P73911-F1-model_v3,Predicted,,A,383,11.29,21.390220805359082
P73911,Demo\curated\AF-P73911-F1-model_v3,Predicted,,A,407,9.94,50.99335020536527
P73911,Demo\curated\AF-P73911-F1-model_v3,Predicted,,A,431,11.60,41.8472249679846
P73911,Demo\curated\AF-P73911-F1-model_v3,Predicted,,A,435,9.05,19.271216560512762
P73911,Demo\curated\AF-P73911-F1-model_v3,Predicted,,A,444,10.95,17.895722577016027
P73911,Demo\curated\AF-P73911-F1-model_v3,Predicted,,A,476,10.64,71.28404630689138
P73911,Demo\curated\AF-P73911-F1-model_v3,Predicted,,A,523,11.33,42.41830760754499
P73911,Demo\curated\AF-P73911-F1-model_v3,Predicted,,A,535,11.35,49.65624255710458
P73911,Demo\curated\AF-P73911-F1-model_v3,Predicted,,A,549,11.17,34.95077459488551
P73911,Demo\curated\AF-P73911-F1-model_v3,Predicted,,A,567,11.32,44.86204126803267
P73911,Demo\curated\AF-P73911-F1-model_v3,Predicted,,A,612,11.40,39.944172493149125
P73911,Demo\curated\AF-P73911-F1-model_v3,Predicted,,A,655,10.17,78.99102758461665
P73911,Demo\curated\AF-P73911-F1-model_v3,Predicted,,A,700,11.60,38.51991837367479
P73911,Demo\curated\AF-P73911-F1-model_v3,Predicted,,A,705,10.98,48.77168787557821
P73911,Demo\curated\AF-P73911-F1-model_v3,Predicted,,A,731,11.26,36.155706277231104
P73911,Demo\curated\AF-P73911-F1-model_v3,Predicted,,A,742,10.38,35.52735502158966
Q79PF6,Demo\curated\AF-Q79PF6-F1-model_v3,Predicted,,A,95,11.62,64.31419393043811
Q79PF6,Demo\curated\AF-Q79PF6-F1-model_v3,Predicted,,A,172,10.50,88.49840325223666
Q79PF6,Demo\curated\AF-Q79PF6-F1-model_v3,Predicted,,A,189,11.12,50.73812852718457
Q79PF6,Demo\curated\AF-Q79PF6-F1-model_v3,Predicted,,A,232,11.44,43.686627466661434
Q79PF6,Demo\curated\AF-Q79PF6-F1-model_v3,Predicted,,A,246,10.52,75.93357070928081
Q79PF6,Demo\curated\AF-Q79PF6-F1-model_v3,Predicted,,A,247,11.23,55.45680069287644
Q79PF6,Demo\curated\1M2E-alt-1,NMR,-,A,95,10.34,65.48986953119714
Q79PF6,Demo\curated\1M2F-alt-1,NMR,-,A,95,10.38,67.4745706901025
Q79PF6,Demo\curated\1M2F-alt-10,NMR,-,A,95,9.91,40.90451809744335
Q79PF6,Demo\curated\1M2F-alt-11,NMR,-,A,95,10.16,51.09538651675999
Q79PF6,Demo\curated\1M2F-alt-12,NMR,-,A,95,10.59,84.47997899906056
Q79PF6,Demo\curated\1M2F-alt-13,NMR,-,A,95,10.06,49.68150619802721
Q79PF6,Demo\curated\1M2F-alt-14,NMR,-,A,95,11.45,57.68546615628712
Q79PF6,Demo\curated\1M2F-alt-15,NMR,-,A,95,10.32,62.590834010403256
Q79PF6,Demo\curated\1M2F-alt-16,NMR,-,A,95,10.23,59.57300701739551
Q79PF6,Demo\curated\1M2F-alt-17,NMR,-,A,95,10.25,42.24198571986225
Q79PF6,Demo\curated\1M2F-alt-18,NMR,-,A,95,10.47,80.6683762622458
Q79PF6,Demo\curated\1M2F-alt-19,NMR,-,A,95,10.22,45.16965554869667
Q79PF6,Demo\curated\1M2F-alt-2,NMR,-,A,95,10.48,54.33528484046836
Q79PF6,Demo\curated\1M2F-alt-20,NMR,-,A,95,10.46,57.979074169703864
Q79PF6,Demo\curated\1M2F-alt-21,NMR,-,A,95,10.36,41.637654558051395
Q79PF6,Demo\curated\1M2F-alt-22,NMR,-,A,95,10.32,63.45189219687466
Q79PF6,Demo\curated\1M2F-alt-23,NMR,-,A,95,10.47,82.17578441226985
Q79PF6,Demo\curated\1M2F-alt-24,NMR,-,A,95,10.41,79.83745773029477
Q79PF6,Demo\curated\1M2F-alt-25,NMR,-,A,95,10.48,64.1877775510546
Q79PF6,Demo\curated\1M2F-alt-3,NMR,-,A,95,10.67,58.38384874816484
Q79PF6,Demo\curated\1M2F-alt-4,NMR,-,A,95,9.93,53.431586078709174
Q79PF6,Demo\curated\1M2F-alt-5,NMR,-,A,95,9.96,50.84504085217704
Q79PF6,Demo\curated\1M2F-alt-6,NMR,-,A,95,10.55,34.60415220543944
Q79PF6,Demo\curated\1M2F-alt-7,NMR,-,A,95,10.44,71.03946022884004
Q79PF6,Demo\curated\1M2F-alt-8,NMR,-,A,95,10.29,49.27761519250007
Q79PF6,Demo\curated\1M2F-alt-9,NMR,-,A,95,10.42,44.019865362406264
Q79PF6,Demo\curated\1R8J-alt1A,X-ray,2.03,A,95,10.56,81.01287153166601
Q79PF6,Demo\curated\1R8J-alt1A,X-ray,2.03,A,172,9.21,21.99818443367565
Q79PF6,Demo\curated\1R8J-alt1A,X-ray,2.03,A,189,7.50,3.439094932900051
Q79PF6,Demo\curated\1R8J-alt1A,X-ray,2.03,A,232,11.17,41.39581737357193
Q79PF6,Demo\curated\1R8J-alt1A,X-ray,2.03,A,246,9.95,58.56327950357766
Q79PF6,Demo\curated\1R8J-alt1A,X-ray,2.03,A,247,10.46,69.49703641069787
Q79PF6,Demo\curated\1R8J-alt1A,X-ray,2.03,B,95,10.80,63.8033905999185
Q79PF6,Demo\curated\1R8J-alt1A,X-ray,2.03,B,172,,52.99205763151788
Q79PF6,Demo\curated\1R8J-alt1A,X-ray,2.03,B,189,10.42,56.18656648636657
Q79PF6,Demo\curated\1R8J-alt1A,X-ray,2.03,B,232,10.40,42.88372146920492
Q79PF6,Demo\curated\1R8J-alt1A,X-ray,2.03,B,246,10.10,64.4399885362756
Q79PF6,Demo\curated\1R8J-alt1A,X-ray,2.03,B,247,10.51,58.96592696201276
Q79PF6,Demo\curated\1R8J-alt1B,X-ray,2.03,A,95,10.55,81.01287153166601
Q79PF6,Demo\curated\1R8J-alt1B,X-ray,2.03,A,172,9.54,41.94163637220968
Q79PF6,Demo\curated\1R8J-alt1B,X-ray,2.03,A,189,9.93,20.979948439754338
Q79PF6,Demo\curated\1R8J-alt1B,X-ray,2.03,A,232,11.26,41.39581737357193
Q79PF6,Demo\curated\1R8J-alt1B,X-ray,2.03,A,246,9.95,58.56327950357766
Q79PF6,Demo\curated\1R8J-alt1B,X-ray,2.03,A,247,10.47,69.49703641069787
Q79PF6,Demo\curated\1R8J-alt1B,X-ray,2.03,B,95,10.65,77.9651666835257
Q79PF6,Demo\curated\1R8J-alt1B,X-ray,2.03,B,172,,64.62606245115386
Q79PF6,Demo\curated\1R8J-alt1B,X-ray,2.03,B,189,10.72,61.441305623500675
Q79PF6,Demo\curated\1R8J-alt1B,X-ray,2.03,B,232,9.96,37.909827625332355
Q79PF6,Demo\curated\1R8J-alt1B,X-ray,2.03,B,246,10.54,80.7752885872383
Q79PF6,Demo\curated\1R8J-alt1B,X-ray,2.03,B,247,10.45,58.266922596589026
Q79PF6,Demo\curated\4G86-alt-1,X-ray,2.39,A,95,10.69,85.98526002905874
Q79PF6,Demo\curated\4G86-alt-1,X-ray,2.39,A,172,10.26,70.92554477022392
Q79PF6,Demo\curated\4G86-alt-1,X-ray,2.39,A,189,10.66,53.46660174682731
Q79PF6,Demo\curated\4G86-alt-1,X-ray,2.39,A,232,10.39,36.51908382749632
Q79PF6,Demo\curated\4G86-alt-1,X-ray,2.39,A,246,10.37,66.29676796931759
Q79PF6,Demo\curated\4G86-alt-1,X-ray,2.39,A,247,10.58,58.87576979783944
Q79PF6,Demo\curated\4G86-alt-1,X-ray,2.39,B,95,,39.36183247991338
Q79PF6,Demo\curated\4G86-alt-1,X-ray,2.39,B,172,,34.78083406728039
Q79PF6,Demo\curated\4G86-alt-1,X-ray,2.39,B,189,,3.773838175124738
Q79PF6,Demo\curated\4G86-alt-1,X-ray,2.39,B,232,10.26,50.24070969036619
Q79PF6,Demo\curated\4G86-alt-1,X-ray,2.39,B,246,10.18,68.13492692090237
Q79PF6,Demo\curated\4G86-alt-1,X-ray,2.39,B,247,10.54,65.72532535559901
Q55804,Demo\curated\AF-Q55804-F1-model_v3,Predicted,,A,17,10.50,79.7241640452247
Q55804,Demo\curated\AF-Q55804-F1-model_v3,Predicted,,A,57,12.44,17.82870193373945
Q55804,Demo\curated\AF-Q55804-F1-model_v3,Predicted,,A,95,10.03,57.591316551449864
Q55804,Demo\curated\AF-Q55804-F1-model_v3,Predicted,,A,142,10.45,76.65757691623935
Q55804,Demo\curated\AF-Q55804-F1-model_v3,Predicted,,A,143,11.43,43.579715141668956
Q55804,Demo\curated\AF-Q55804-F1-model_v3,Predicted,,A,145,10.54,74.27448253895065
Q55804,Demo\curated\AF-Q55804-F1-model_v3,Predicted,,A,170,10.49,36.161465863762686
Q55804,Demo\curated\AF-Q55804-F1-model_v3,Predicted,,A,175,11.12,39.08461965315756
Q55804,Demo\curated\AF-Q55804-F1-model_v3,Predicted,,A,194,10.32,59.369196193993886
Q55804,Demo\curated\AF-Q55804-F1-model_v3,Predicted,,A,210,10.43,77.65418173574378
Q55804,Demo\curated\AF-Q55804-F1-model_v3,Predicted,,A,232,10.80,8.98806385699692
Q55804,Demo\curated\AF-Q55804-F1-model_v3,Predicted,,A,234,10.12,37.24521715448074
Q55804,Demo\curated\AF-Q55804-F1-model_v3,Predicted,,A,255,10.10,40.09797963348112
Q55804,Demo\curated\AF-Q55804-F1-model_v3,Predicted,,A,295,11.40,56.120789390182026
Q55804,Demo\curated\AF-Q55804-F1-model_v3,Predicted,,A,297,10.42,53.583266099015304
Q55804,Demo\curated\AF-Q55804-F1-model_v3,Predicted,,A,341,10.46,80.97661231645583
Q55804,Demo\curated\AF-Q55804-F1-model_v3,Predicted,,A,344,11.42,14.892785424189363
Q55804,Demo\curated\AF-Q55804-F1-model_v3,Predicted,,A,365,10.24,60.03930445198927
Q55804,Demo\curated\AF-Q55804-F1-model_v3,Predicted,,A,382,11.57,42.11007155333496
Q55804,Demo\curated\AF-Q55804-F1-model_v3,Predicted,,A,386,11.33,50.64797136301124
Q55804,Demo\curated\AF-Q55804-F1-model_v3,Predicted,,A,392,10.52,75.7057397920486
Q55804,Demo\curated\AF-Q55804-F1-model_v3,Predicted,,A,437,10.57,58.529769181939386
Q55804,Demo\curated\AF-Q55804-F1-model_v3,Predicted,,A,449,10.45,81.22882330167684
Q55804,Demo\curated\AF-Q55804-F1-model_v3,Predicted,,A,464,10.47,74.07315880973309
Q55804,Demo\curated\AF-Q55804-F1-model_v3,Predicted,,A,472,10.47,79.44181340548332
Q55804,Demo\curated\AF-Q55804-F1-model_v3,Predicted,,A,475,10.47,80.32725165994351
Q8DKB5,Demo\curated\AF-Q8DKB5-F1-model_v3,Predicted,,A,41,10.22,48.21886574331684
Q8DKB5,Demo\curated\AF-Q8DKB5-F1-model_v3,Predicted,,A,150,10.15,22.669798038150894
Q8DKB5,Demo\curated\AF-Q8DKB5-F1-model_v3,Predicted,,A,226,10.45,81.22669618165095
Q8DKB5,Demo\curated\AF-Q8DKB5-F1-model_v3,Predicted,,A,285,10.48,75.47090574119277
Q8DKB5,Demo\curated\AF-Q8DKB5-F1-model_v3,Predicted,,A,300,10.55,88.40124295443971
Q8DKB5,Demo\curated\AF-Q8DKB5-F1-model_v3,Predicted,,A,302,10.46,77.07272529544187
Q8DKB5,Demo\curated\AF-Q8DKB5-F1-model_v3,Predicted,,A,380,10.32,82.11913756973479
Q8DKB5,Demo\curated\AF-Q8DKB5-F1-model_v3,Predicted,,A,409,10.55,79.02879214630669
Q8DKB5,Demo\curated\AF-Q8DKB5-F1-model_v3,Predicted,,A,411,10.45,76.71209663874853
Q8DKB5,Demo\curated\AF-Q8DKB5-F1-model_v3,Predicted,,A,431,11.34,62.00361798356977
Q8DKB5,Demo\curated\AF-Q8DKB5-F1-model_v3,Predicted,,A,490,10.10,40.907266991015234
Q8DKB5,Demo\curated\AF-Q8DKB5-F1-model_v3,Predicted,,A,522,10.45,78.8387257907645
Q8DKB5,Demo\curated\AF-Q8DKB5-F1-model_v3,Predicted,,A,536,10.47,85.36603902706678
Q8DKB5,Demo\curated\AF-Q8DKB5-F1-model_v3,Predicted,,A,608,10.46,79.97575325689968
Q8DKB5,Demo\curated\AF-Q8DKB5-F1-model_v3,Predicted,,A,639,10.39,83.40997217620198
Q8DKB5,Demo\curated\AF-Q8DKB5-F1-model_v3,Predicted,,A,652,10.51,89.2035271783502
Q8DKB5,Demo\curated\3KWC-alt1A,X-ray,2.00,A,41,10.16,36.67014207425643
Q8DKB5,Demo\curated\3KWC-alt1A,X-ray,2.00,A,150,10.07,27.967177750572784
Q8DKB5,Demo\curated\3KWC-alt1A,X-ray,2.00,B,41,10.32,56.03914070611218
Q8DKB5,Demo\curated\3KWC-alt1A,X-ray,2.00,B,150,10.24,24.053538702363298
Q8DKB5,Demo\curated\3KWC-alt1A,X-ray,2.00,C,41,10.21,50.70186931197439
Q8DKB5,Demo\curated\3KWC-alt1A,X-ray,2.00,C,150,9.81,24.073042756754333
Q8DKB5,Demo\curated\3KWC-alt1A,X-ray,2.00,D,41,10.10,38.92744184570765
Q8DKB5,Demo\curated\3KWC-alt1A,X-ray,2.00,D,150,10.17,21.948540724764236
Q8DKB5,Demo\curated\3KWC-alt1A,X-ray,2.00,E,41,10.61,36.09631054112417
Q8DKB5,Demo\curated\3KWC-alt1A,X-ray,2.00,E,150,9.99,20.752117522522127
Q8DKB5,Demo\curated\3KWC-alt1A,X-ray,2.00,F,41,10.29,50.91294506838746
Q8DKB5,Demo\curated\3KWC-alt1A,X-ray,2.00,F,150,9.44,18.391276093196346
Q8DKB5,Demo\curated\3KWC-alt1B,X-ray,2.00,A,41,10.19,51.28332575227631
Q8DKB5,Demo\curated\3KWC-alt1B,X-ray,2.00,A,150,9.29,25.479919941863493
Q8DKB5,Demo\curated\3KWC-alt1B,X-ray,2.00,B,41,10.32,56.03914070611218
Q8DKB5,Demo\curated\3KWC-alt1B,X-ray,2.00,B,150,10.24,24.053538702363298
Q8DKB5,Demo\curated\3KWC-alt1B,X-ray,2.00,C,41,10.20,49.84931960560646
Q8DKB5,Demo\curated\3KWC-alt1B,X-ray,2.00,C,150,9.78,25.5938354004796
Q8DKB5,Demo\curated\3KWC-alt1B,X-ray,2.00,D,41,10.09,39.286565155921124
Q8DKB5,Demo\curated\3KWC-alt1B,X-ray,2.00,D,150,10.25,20.244684859120426
Q8DKB5,Demo\curated\3KWC-alt1B,X-ray,2.00,E,41,10.62,36.09631054112417
Q8DKB5,Demo\curated\3KWC-alt1B,X-ray,2.00,E,150,10.07,20.752117522522127
Q8DKB5,Demo\curated\3KWC-alt1B,X-ray,2.00,F,41,10.29,50.91294506838746
Q8DKB5,Demo\curated\3KWC-alt1B,X-ray,2.00,F,150,9.28,18.391276093196346
Q03513,Demo\curated\AF-Q03513-F1-model_v3,Predicted,,A,62,10.48,63.77413451833194
Q03513,Demo\curated\AF-Q03513-F1-model_v3,Predicted,,A,101,10.14,61.182713278202066
Q03513,Demo\curated\AF-Q03513-F1-model_v3,Predicted,,A,250,10.46,67.85683052121273
Q03513,Demo\curated\AF-Q03513-F1-model_v3,Predicted,,A,348,9.54,34.7104427568859
Q03513,Demo\curated\AF-Q03513-F1-model_v3,Predicted,,A,366,10.29,69.13578598045852
Q03513,Demo\curated\AF-Q03513-F1-model_v3,Predicted,,A,433,10.45,75.57631271970538
Q03513,Demo\curated\AF-Q03513-F1-model_v3,Predicted,,A,480,10.53,73.3841682708927
Q03513,Demo\curated\AF-Q03513-F1-model_v3,Predicted,,A,514,10.44,81.26171184976911
Q03513,Demo\curated\AF-Q03513-F1-model_v3,Predicted,,A,516,10.14,65.04121083035635
Q03513,Demo\curated\AF-Q03513-F1-model_v3,Predicted,,A,538,10.42,64.88953081005022
