Uniprot_Entry,PDB_Code,Method,Resolution,Chains
P74285,AF-P74285-F1-model_v4,Predicted,,A
Q8DIV4,AF-Q8DIV4-F1-model_v4,Predicted,,A
P00879,AF-P00879-F1-model_v4,Predicted,,A
P73832,AF-P73832-F1-model_v4,Predicted,,A
P73832,3EN0,X-ray,1.50,A/B/C
P73832,7UQW,X-ray,1.50,A/B/C
Q55650,AF-Q55650-F1-model_v4,Predicted,,A
Q55650,6IR4,X-ray,2.00,A
Q55650,6ITD,X-ray,2.00,A
Q55650,6K36,X-ray,2.30,A
Q55650,6K37,X-ray,2.50,A
Q55650,6K38,X-ray,1.78,A
P77961,AF-P77961-F1-model_v4,Predicted,,A
P77961,3NG0,X-ray,2.80,A
P73911,AF-P73911-F1-model_v4,Predicted,,A
Q79PF6,AF-Q79PF6-F1-model_v4,Predicted,,A
Q79PF6,1M2E,NMR,-,A
Q79PF6,1M2F,NMR,-,A
Q79PF6,1R8J,X-ray,2.03,A/B
Q79PF6,4G86,X-ray,2.39,A/B
Q55804,AF-Q55804-F1-model_v4,Predicted,,A
Q8DKB5,AF-Q8DKB5-F1-model_v4,Predicted,,A
Q8DKB5,3KWC,X-ray,2.00,A/B/C/D/E/F
