,resid,chain,pKa,sasa,PDB Code,Chain_Resid,Assembled Index,plddt,Uniprot Entry,carbamylated
0,12,A,7.75,22.78701871,AF-P22392-F1-model_v1,A12,96,98.78,P22392,TRUE
0,12,A,7.6,19.30194526,1NSK-alt-1_assembled,A12,89,0,P22392,TRUE
13,12,B,7.6,21.58064714,1NSK-alt-1_assembled,B12,1289,0,P22392,TRUE
26,12,C,7.55,19.16790398,1NSK-alt-1_assembled,C12,2489,0,P22392,TRUE
39,12,D,7.57,16.75516082,1NSK-alt-1_assembled,D12,3689,0,P22392,TRUE
52,12,E,7.56,19.03386269,1NSK-alt-1_assembled,E12,4889,0,P22392,TRUE
65,12,F,7.58,19.03386269,1NSK-alt-1_assembled,F12,6089,0,P22392,TRUE
0,12,A,7.2,9.919055205,1NUE-alt-1_assembled,A12,88,0,P22392,TRUE
13,12,B,7.21,12.19775708,1NUE-alt-1_assembled,B12,1297,0,P22392,TRUE
26,12,C,7.12,12.46583965,1NUE-alt-1_assembled,C12,2506,0,P22392,TRUE
39,12,D,7.14,9.516931345,1NUE-alt-1_assembled,D12,3715,0,P22392,TRUE
52,12,E,7.12,10.85734421,1NUE-alt-1_assembled,E12,4924,0,P22392,TRUE
65,12,F,7.23,10.05309649,1NUE-alt-1_assembled,F12,6133,0,P22392,TRUE
0,12,A,7.51,15.68283053,3BBB-alt1B_assembled,A12,88,0,P22392,TRUE
13,12,B,7.46,9.516931345,3BBB-alt1B_assembled,B12,1298,0,P22392,TRUE
26,12,C,7.85,23.72530772,3BBB-alt1B_assembled,C12,2487,0,P22392,TRUE
39,12,D,7.37,13.67221123,3BBB-alt1B_assembled,D12,3697,0,P22392,TRUE
52,12,E,7.86,25.06572059,3BBB-alt1B_assembled,E12,4886,0,P22392,TRUE
65,12,F,7.68,10.72330292,3BBB-alt1B_assembled,F12,6096,0,P22392,TRUE
0,12,A,7.51,15.68283053,3BBB-alt1A_assembled,A12,88,0,P22392,TRUE
13,12,B,7.46,9.516931345,3BBB-alt1A_assembled,B12,1298,0,P22392,TRUE
26,12,C,7.85,23.72530772,3BBB-alt1A_assembled,C12,2487,0,P22392,TRUE
39,12,D,7.37,13.67221123,3BBB-alt1A_assembled,D12,3697,0,P22392,TRUE
52,12,E,7.73,23.18914257,3BBB-alt1A_assembled,E12,4886,0,P22392,TRUE
65,12,F,7.45,6.702064328,3BBB-alt1A_assembled,F12,6096,0,P22392,TRUE
0,12,A,7.71,19.03386269,3BBC-alt1B_assembled,A12,88,0,P22392,TRUE
13,12,B,8.01,15.9509131,3BBC-alt1B_assembled,B12,1292,0,P22392,TRUE
26,12,C,7.91,16.88920211,3BBC-alt1B_assembled,C12,2496,0,P22392,TRUE
39,12,D,8.21,27.74654632,3BBC-alt1B_assembled,D12,3700,0,P22392,TRUE
52,12,E,7.87,26.54017474,3BBC-alt1B_assembled,E12,4904,0,P22392,TRUE
65,12,F,7.51,13.27008737,3BBC-alt1B_assembled,F12,6108,0,P22392,TRUE
0,12,A,7.71,19.03386269,3BBC-alt1A_assembled,A12,88,0,P22392,TRUE
13,12,B,7.86,14.47645895,3BBC-alt1A_assembled,B12,1292,0,P22392,TRUE
26,12,C,7.92,16.88920211,3BBC-alt1A_assembled,C12,2496,0,P22392,TRUE
39,12,D,8.22,27.74654632,3BBC-alt1A_assembled,D12,3700,0,P22392,TRUE
52,12,E,7.87,26.54017474,3BBC-alt1A_assembled,E12,4904,0,P22392,TRUE
65,12,F,7.51,13.27008737,3BBC-alt1A_assembled,F12,6108,0,P22392,TRUE
0,12,A,7.04,10.32117906,3BBF-alt1B_assembled,A12,88,0,P22392,TRUE
13,12,B,7.16,11.9296745,3BBF-alt1B_assembled,B12,1298,0,P22392,TRUE
26,12,C,7.07,12.33179836,3BBF-alt1B_assembled,C12,2508,0,P22392,TRUE
39,12,D,7.05,11.25946807,3BBF-alt1B_assembled,D12,3718,0,P22392,TRUE
52,12,E,7.09,10.32117906,3BBF-alt1B_assembled,E12,4928,0,P22392,TRUE
65,12,F,7.11,9.114807486,3BBF-alt1B_assembled,F12,6138,0,P22392,TRUE
0,12,A,7.04,10.32117906,3BBF-alt1A_assembled,A12,88,0,P22392,TRUE
13,12,B,7.16,11.9296745,3BBF-alt1A_assembled,B12,1298,0,P22392,TRUE
26,12,C,6.97,12.33179836,3BBF-alt1A_assembled,C12,2508,0,P22392,TRUE
39,12,D,7.05,11.25946807,3BBF-alt1A_assembled,D12,3718,0,P22392,TRUE
52,12,E,7.09,10.32117906,3BBF-alt1A_assembled,E12,4928,0,P22392,TRUE
65,12,F,7.11,9.114807486,3BBF-alt1A_assembled,F12,6138,0,P22392,TRUE
1,26,A,10.65,77.07373977,AF-P22392-F1-model_v1,A26,199,98.9,P22392,FALSE
1,26,A,12.23,34.04648678,1NSK-alt-1_assembled,A26,192,0,P22392,FALSE
14,26,B,11.81,38.06772538,1NSK-alt-1_assembled,B26,1392,0,P22392,FALSE
27,26,C,10.98,35.9230648,1NSK-alt-1_assembled,C26,2592,0,P22392,FALSE
40,26,D,11.35,39.54217953,1NSK-alt-1_assembled,D26,3792,0,P22392,FALSE
53,26,E,10.88,36.8613538,1NSK-alt-1_assembled,E26,4992,0,P22392,FALSE
66,26,F,12.2,35.52094094,1NSK-alt-1_assembled,F26,6192,0,P22392,FALSE
1,26,A,12.01,42.35704655,1NUE-alt-1_assembled,A26,191,0,P22392,FALSE
14,26,B,9.77,46.24424386,1NUE-alt-1_assembled,B26,1400,0,P22392,FALSE
27,26,C,12.39,38.73793181,1NUE-alt-1_assembled,C26,2609,0,P22392,FALSE
40,26,D,9.17,41.15067497,1NUE-alt-1_assembled,D26,3818,0,P22392,FALSE
53,26,E,10.85,39.81026211,1NUE-alt-1_assembled,E26,5027,0,P22392,FALSE
66,26,F,8.77,42.22300526,1NUE-alt-1_assembled,F26,6236,0,P22392,FALSE
1,26,A,11.55,58.57604222,3BBB-alt1B_assembled,A26,191,0,P22392,FALSE
14,26,B,8.79,69.96955158,3BBB-alt1B_assembled,B26,1401,0,P22392,FALSE
27,26,C,10.94,48.92506959,3BBB-alt1B_assembled,C26,2590,0,P22392,FALSE
40,26,D,13.08,54.28672105,3BBB-alt1B_assembled,D26,3800,0,P22392,FALSE
53,26,E,12.32,49.72931731,3BBB-alt1B_assembled,E26,4989,0,P22392,FALSE
66,26,F,9.29,58.30795965,3BBB-alt1B_assembled,F26,6199,0,P22392,FALSE
1,26,A,11.53,58.57604222,3BBB-alt1A_assembled,A26,191,0,P22392,FALSE
14,26,B,8.94,58.17391836,3BBB-alt1A_assembled,B26,1401,0,P22392,FALSE
27,26,C,10.91,48.92506959,3BBB-alt1A_assembled,C26,2590,0,P22392,FALSE
40,26,D,13.09,54.28672105,3BBB-alt1A_assembled,D26,3800,0,P22392,FALSE
53,26,E,12.3,49.32719345,3BBB-alt1A_assembled,E26,4989,0,P22392,FALSE
66,26,F,9.3,58.30795965,3BBB-alt1A_assembled,F26,6199,0,P22392,FALSE
1,26,A,10.52,56.69946421,3BBC-alt1B_assembled,A26,191,0,P22392,FALSE
14,26,B,9.85,52.14206047,3BBC-alt1B_assembled,B26,1395,0,P22392,FALSE
27,26,C,12.58,29.35504176,3BBC-alt1B_assembled,C26,2599,0,P22392,FALSE
40,26,D,12.52,50.66760632,3BBC-alt1B_assembled,D26,3803,0,P22392,FALSE
53,26,E,11.01,52.94630819,3BBC-alt1B_assembled,E26,5007,0,P22392,FALSE
66,26,F,8.29,61.25686795,3BBC-alt1B_assembled,F26,6211,0,P22392,FALSE
1,26,A,9.44,56.69946421,3BBC-alt1A_assembled,A26,191,0,P22392,FALSE
14,26,B,12.52,39.54217953,3BBC-alt1A_assembled,B26,1395,0,P22392,FALSE
27,26,C,10.46,36.99539509,3BBC-alt1A_assembled,C26,2599,0,P22392,FALSE
40,26,D,11.29,50.66760632,3BBC-alt1A_assembled,D26,3803,0,P22392,FALSE
53,26,E,8.97,64.74194141,3BBC-alt1A_assembled,E26,5007,0,P22392,FALSE
66,26,F,13.23,50.53356503,3BBC-alt1A_assembled,F26,6211,0,P22392,FALSE
1,26,A,11.56,54.42076234,3BBF-alt1B_assembled,A26,191,0,P22392,FALSE
14,26,B,7.73,72.91845988,3BBF-alt1B_assembled,B26,1401,0,P22392,FALSE
27,26,C,12.52,47.04849158,3BBF-alt1B_assembled,C26,2611,0,P22392,FALSE
40,26,D,10.6,54.55480363,3BBF-alt1B_assembled,D26,3821,0,P22392,FALSE
53,26,E,10.84,48.52294573,3BBF-alt1B_assembled,E26,5031,0,P22392,FALSE
66,26,F,9.26,57.23562936,3BBF-alt1B_assembled,F26,6241,0,P22392,FALSE
1,26,A,9.82,47.58465673,3BBF-alt1A_assembled,A26,191,0,P22392,FALSE
14,26,B,9.76,72.91845988,3BBF-alt1A_assembled,B26,1401,0,P22392,FALSE
27,26,C,9.34,56.16329907,3BBF-alt1A_assembled,C26,2611,0,P22392,FALSE
40,26,D,11.66,54.55480363,3BBF-alt1A_assembled,D26,3821,0,P22392,FALSE
53,26,E,10,49.32719345,3BBF-alt1A_assembled,E26,5031,0,P22392,FALSE
66,26,F,11.74,57.50371193,3BBF-alt1A_assembled,F26,6241,0,P22392,FALSE
2,31,A,10.32,74.39291404,AF-P22392-F1-model_v1,A31,248,98.57,P22392,FALSE
2,31,A,8.63,10.05309649,1NSK-alt-1_assembled,A31,241,0,P22392,FALSE
15,31,B,8.65,10.18713778,1NSK-alt-1_assembled,B31,1441,0,P22392,FALSE
28,31,C,8.7,11.52755064,1NSK-alt-1_assembled,C31,2641,0,P22392,FALSE
41,31,D,8.7,11.25946807,1NSK-alt-1_assembled,D31,3841,0,P22392,FALSE
54,31,E,8.68,8.980766199,1NSK-alt-1_assembled,E31,5041,0,P22392,FALSE
67,31,F,8.69,9.382890059,1NSK-alt-1_assembled,F31,6241,0,P22392,FALSE
2,31,A,8.6,2.814867018,1NUE-alt-1_assembled,A31,240,0,P22392,FALSE
15,31,B,8.57,2.546784445,1NUE-alt-1_assembled,B31,1449,0,P22392,FALSE
28,31,C,8.55,1.474454152,1NUE-alt-1_assembled,C31,2658,0,P22392,FALSE
41,31,D,8.6,3.753156023,1NUE-alt-1_assembled,D31,3867,0,P22392,FALSE
54,31,E,8.6,3.619114737,1NUE-alt-1_assembled,E31,5076,0,P22392,FALSE
67,31,F,8.55,3.88719731,1NUE-alt-1_assembled,F31,6285,0,P22392,FALSE
2,31,A,8.5,3.619114737,3BBB-alt1B_assembled,A31,240,0,P22392,FALSE
15,31,B,8.64,5.495692749,3BBB-alt1B_assembled,B31,1450,0,P22392,FALSE
28,31,C,8.59,2.814867018,3BBB-alt1B_assembled,C31,2639,0,P22392,FALSE
41,31,D,8.44,3.88719731,3BBB-alt1B_assembled,D31,3849,0,P22392,FALSE
54,31,E,8.61,3.88719731,3BBB-alt1B_assembled,E31,5038,0,P22392,FALSE
67,31,F,8.54,4.021238597,3BBB-alt1B_assembled,F31,6248,0,P22392,FALSE
2,31,A,8.49,3.619114737,3BBB-alt1A_assembled,A31,240,0,P22392,FALSE
15,31,B,8.59,3.351032164,3BBB-alt1A_assembled,B31,1450,0,P22392,FALSE
28,31,C,8.59,2.814867018,3BBB-alt1A_assembled,C31,2639,0,P22392,FALSE
41,31,D,8.42,3.88719731,3BBB-alt1A_assembled,D31,3849,0,P22392,FALSE
54,31,E,8.6,3.88719731,3BBB-alt1A_assembled,E31,5038,0,P22392,FALSE
67,31,F,8.5,2.814867018,3BBB-alt1A_assembled,F31,6248,0,P22392,FALSE
2,31,A,8.35,2.144660585,3BBC-alt1B_assembled,A31,240,0,P22392,FALSE
15,31,B,8.4,3.351032164,3BBC-alt1B_assembled,B31,1444,0,P22392,FALSE
28,31,C,8.48,5.361651462,3BBC-alt1B_assembled,C31,2648,0,P22392,FALSE
41,31,D,8.46,5.897816608,3BBC-alt1B_assembled,D31,3852,0,P22392,FALSE
54,31,E,8.51,2.948908304,3BBC-alt1B_assembled,E31,5056,0,P22392,FALSE
67,31,F,8.5,3.351032164,3BBC-alt1B_assembled,F31,6260,0,P22392,FALSE
2,31,A,8.39,3.48507345,3BBC-alt1A_assembled,A31,240,0,P22392,FALSE
15,31,B,8.38,3.351032164,3BBC-alt1A_assembled,B31,1444,0,P22392,FALSE
28,31,C,8.44,3.351032164,3BBC-alt1A_assembled,C31,2648,0,P22392,FALSE
41,31,D,8.41,2.278701871,3BBC-alt1A_assembled,D31,3852,0,P22392,FALSE
54,31,E,8.5,2.948908304,3BBC-alt1A_assembled,E31,5056,0,P22392,FALSE
67,31,F,8.49,3.351032164,3BBC-alt1A_assembled,F31,6260,0,P22392,FALSE
2,31,A,8.19,3.082949591,3BBF-alt1B_assembled,A31,240,0,P22392,FALSE
15,31,B,8.55,14.34241766,3BBF-alt1B_assembled,B31,1450,0,P22392,FALSE
28,31,C,8.35,15.41474795,3BBF-alt1B_assembled,C31,2660,0,P22392,FALSE
41,31,D,8.5,3.216990877,3BBF-alt1B_assembled,D31,3870,0,P22392,FALSE
54,31,E,8.43,3.351032164,3BBF-alt1B_assembled,E31,5080,0,P22392,FALSE
67,31,F,8.39,4.691445029,3BBF-alt1B_assembled,F31,6290,0,P22392,FALSE
2,31,A,8.2,3.082949591,3BBF-alt1A_assembled,A31,240,0,P22392,FALSE
15,31,B,8.54,14.34241766,3BBF-alt1A_assembled,B31,1450,0,P22392,FALSE
28,31,C,8.46,2.010619298,3BBF-alt1A_assembled,C31,2660,0,P22392,FALSE
41,31,D,8.5,3.216990877,3BBF-alt1A_assembled,D31,3870,0,P22392,FALSE
54,31,E,8.42,3.351032164,3BBF-alt1A_assembled,E31,5080,0,P22392,FALSE
67,31,F,8.38,4.691445029,3BBF-alt1A_assembled,F31,6290,0,P22392,FALSE
3,39,A,10.62,30.69545462,AF-P22392-F1-model_v1,A39,311,98.73,P22392,FALSE
3,39,A,9.98,26.9422986,1NSK-alt-1_assembled,A39,304,0,P22392,FALSE
16,39,B,10.03,28.55079404,1NSK-alt-1_assembled,B39,1504,0,P22392,FALSE
29,39,C,10.02,28.81887661,1NSK-alt-1_assembled,C39,2704,0,P22392,FALSE
42,39,D,9.96,24.52955544,1NSK-alt-1_assembled,D39,3904,0,P22392,FALSE
55,39,E,10.02,26.27209216,1NSK-alt-1_assembled,E39,5104,0,P22392,FALSE
68,39,F,9.97,26.27209216,1NSK-alt-1_assembled,F39,6304,0,P22392,FALSE
3,39,A,10.11,35.11881708,1NUE-alt-1_assembled,A39,303,0,P22392,FALSE
16,39,B,10.03,32.43799135,1NUE-alt-1_assembled,B39,1512,0,P22392,FALSE
29,39,C,9.97,34.58265193,1NUE-alt-1_assembled,C39,2721,0,P22392,FALSE
42,39,D,10,34.31456936,1NUE-alt-1_assembled,D39,3930,0,P22392,FALSE
55,39,E,10.16,31.9018262,1NUE-alt-1_assembled,E39,5139,0,P22392,FALSE
68,39,F,10.06,26.9422986,1NUE-alt-1_assembled,F39,6348,0,P22392,FALSE
3,39,A,9.91,40.8825924,3BBB-alt1B_assembled,A39,303,0,P22392,FALSE
16,39,B,10.01,26.80825731,3BBB-alt1B_assembled,B39,1513,0,P22392,FALSE
29,39,C,9.84,30.56141333,3BBB-alt1B_assembled,C39,2702,0,P22392,FALSE
42,39,D,10.01,46.37828515,3BBB-alt1B_assembled,D39,3912,0,P22392,FALSE
55,39,E,9.85,26.80825731,3BBB-alt1B_assembled,E39,5101,0,P22392,FALSE
68,39,F,9.87,33.51032164,3BBB-alt1B_assembled,F39,6311,0,P22392,FALSE
3,39,A,9.91,40.8825924,3BBB-alt1A_assembled,A39,303,0,P22392,FALSE
16,39,B,10.01,26.80825731,3BBB-alt1A_assembled,B39,1513,0,P22392,FALSE
29,39,C,9.83,30.56141333,3BBB-alt1A_assembled,C39,2702,0,P22392,FALSE
42,39,D,10.01,46.37828515,3BBB-alt1A_assembled,D39,3912,0,P22392,FALSE
55,39,E,9.85,26.80825731,3BBB-alt1A_assembled,E39,5101,0,P22392,FALSE
68,39,F,9.88,33.51032164,3BBB-alt1A_assembled,F39,6311,0,P22392,FALSE
3,39,A,9.71,46.78040901,3BBC-alt1B_assembled,A39,303,0,P22392,FALSE
16,39,B,9.68,26.00400959,3BBC-alt1B_assembled,B39,1507,0,P22392,FALSE
29,39,C,9.7,27.07633988,3BBC-alt1B_assembled,C39,2711,0,P22392,FALSE
42,39,D,10.01,36.8613538,3BBC-alt1B_assembled,D39,3915,0,P22392,FALSE
55,39,E,10.05,33.9124455,3BBC-alt1B_assembled,E39,5119,0,P22392,FALSE
68,39,F,9.96,24.52955544,3BBC-alt1B_assembled,F39,6323,0,P22392,FALSE
3,39,A,9.71,46.78040901,3BBC-alt1A_assembled,A39,303,0,P22392,FALSE
16,39,B,9.68,26.00400959,3BBC-alt1A_assembled,B39,1507,0,P22392,FALSE
29,39,C,9.68,27.07633988,3BBC-alt1A_assembled,C39,2711,0,P22392,FALSE
42,39,D,10.01,36.8613538,3BBC-alt1A_assembled,D39,3915,0,P22392,FALSE
55,39,E,10.05,33.9124455,3BBC-alt1A_assembled,E39,5119,0,P22392,FALSE
68,39,F,9.95,24.52955544,3BBC-alt1A_assembled,F39,6323,0,P22392,FALSE
3,39,A,9.92,30.82949591,3BBF-alt1B_assembled,A39,303,0,P22392,FALSE
16,39,B,9.91,26.27209216,3BBF-alt1B_assembled,B39,1513,0,P22392,FALSE
29,39,C,10.12,33.77840421,3BBF-alt1B_assembled,C39,2723,0,P22392,FALSE
42,39,D,9.83,31.36566105,3BBF-alt1B_assembled,D39,3933,0,P22392,FALSE
55,39,E,9.69,15.14666538,3BBF-alt1B_assembled,E39,5143,0,P22392,FALSE
68,39,F,9.77,19.9721517,3BBF-alt1B_assembled,F39,6353,0,P22392,FALSE
3,39,A,9.92,30.82949591,3BBF-alt1A_assembled,A39,303,0,P22392,FALSE
16,39,B,9.91,26.27209216,3BBF-alt1A_assembled,B39,1513,0,P22392,FALSE
29,39,C,10.12,33.77840421,3BBF-alt1A_assembled,C39,2723,0,P22392,FALSE
42,39,D,9.85,31.36566105,3BBF-alt1A_assembled,D39,3933,0,P22392,FALSE
55,39,E,9.69,15.14666538,3BBF-alt1A_assembled,E39,5143,0,P22392,FALSE
68,39,F,9.77,19.9721517,3BBF-alt1A_assembled,F39,6353,0,P22392,FALSE
4,49,A,10.7,60.98878538,AF-P22392-F1-model_v1,A49,397,97.7,P22392,FALSE
4,49,A,10.53,63.13344597,1NSK-alt-1_assembled,A49,390,0,P22392,FALSE
17,49,B,10.53,70.63975801,1NSK-alt-1_assembled,B49,1590,0,P22392,FALSE
30,49,C,10.53,61.92707439,1NSK-alt-1_assembled,C49,2790,0,P22392,FALSE
43,49,D,10.53,63.8036524,1NSK-alt-1_assembled,D49,3990,0,P22392,FALSE
56,49,E,10.53,62.46323953,1NSK-alt-1_assembled,E49,5190,0,P22392,FALSE
69,49,F,10.53,66.88660199,1NSK-alt-1_assembled,F49,6390,0,P22392,FALSE
4,49,A,11.55,53.75055591,1NUE-alt-1_assembled,A49,389,0,P22392,FALSE
17,49,B,10.41,45.43999614,1NUE-alt-1_assembled,B49,1598,0,P22392,FALSE
30,49,C,10.8,47.98678059,1NUE-alt-1_assembled,C49,2807,0,P22392,FALSE
43,49,D,10.64,53.34843205,1NUE-alt-1_assembled,D49,4016,0,P22392,FALSE
56,49,E,10.76,52.41014304,1NUE-alt-1_assembled,E49,5225,0,P22392,FALSE
69,49,F,11.33,36.59327123,1NUE-alt-1_assembled,F49,6434,0,P22392,FALSE
4,49,A,11.03,48.79102831,3BBB-alt1B_assembled,A49,389,0,P22392,FALSE
17,49,B,11.58,51.73993661,3BBB-alt1B_assembled,B49,1599,0,P22392,FALSE
30,49,C,11.28,57.23562936,3BBB-alt1B_assembled,C49,2788,0,P22392,FALSE
43,49,D,10.75,52.41014304,3BBB-alt1B_assembled,D49,3998,0,P22392,FALSE
56,49,E,10.55,43.42937684,3BBB-alt1B_assembled,E49,5187,0,P22392,FALSE
69,49,F,11.57,46.91445029,3BBB-alt1B_assembled,F49,6397,0,P22392,FALSE
4,49,A,11.03,48.79102831,3BBB-alt1A_assembled,A49,389,0,P22392,FALSE
17,49,B,11.58,51.73993661,3BBB-alt1A_assembled,B49,1599,0,P22392,FALSE
30,49,C,11.28,57.23562936,3BBB-alt1A_assembled,C49,2788,0,P22392,FALSE
43,49,D,10.75,52.41014304,3BBB-alt1A_assembled,D49,3998,0,P22392,FALSE
56,49,E,10.55,43.42937684,3BBB-alt1A_assembled,E49,5187,0,P22392,FALSE
69,49,F,11.57,46.91445029,3BBB-alt1A_assembled,F49,6397,0,P22392,FALSE
4,49,A,10.62,83.23963895,3BBC-alt1B_assembled,A49,389,0,P22392,FALSE
17,49,B,10.59,41.28471626,3BBC-alt1B_assembled,B49,1593,0,P22392,FALSE
30,49,C,11.44,45.03787228,3BBC-alt1B_assembled,C49,2797,0,P22392,FALSE
43,49,D,10.7,59.24624866,3BBC-alt1B_assembled,D49,4001,0,P22392,FALSE
56,49,E,10.65,67.02064328,3BBC-alt1B_assembled,E49,5205,0,P22392,FALSE
69,49,F,10.66,59.24624866,3BBC-alt1B_assembled,F49,6409,0,P22392,FALSE
4,49,A,10.62,83.23963895,3BBC-alt1A_assembled,A49,389,0,P22392,FALSE
17,49,B,10.59,41.28471626,3BBC-alt1A_assembled,B49,1593,0,P22392,FALSE
30,49,C,11.44,45.03787228,3BBC-alt1A_assembled,C49,2797,0,P22392,FALSE
43,49,D,10.7,59.24624866,3BBC-alt1A_assembled,D49,4001,0,P22392,FALSE
56,49,E,10.65,67.02064328,3BBC-alt1A_assembled,E49,5205,0,P22392,FALSE
69,49,F,10.66,60.98878538,3BBC-alt1A_assembled,F49,6409,0,P22392,FALSE
4,49,A,10.9,47.18253287,3BBF-alt1B_assembled,A49,389,0,P22392,FALSE
17,49,B,10.56,39.94430339,3BBF-alt1B_assembled,B49,1599,0,P22392,FALSE
30,49,C,11.58,46.51232643,3BBF-alt1B_assembled,C49,2809,0,P22392,FALSE
43,49,D,11.47,48.52294573,3BBF-alt1B_assembled,D49,4019,0,P22392,FALSE
56,49,E,10.24,58.17391836,3BBF-alt1B_assembled,E49,5229,0,P22392,FALSE
69,49,F,10.7,41.41875754,3BBF-alt1B_assembled,F49,6439,0,P22392,FALSE
4,49,A,10.9,47.18253287,3BBF-alt1A_assembled,A49,389,0,P22392,FALSE
17,49,B,10.56,39.94430339,3BBF-alt1A_assembled,B49,1599,0,P22392,FALSE
30,49,C,11.58,46.51232643,3BBF-alt1A_assembled,C49,2809,0,P22392,FALSE
43,49,D,11.47,45.70807871,3BBF-alt1A_assembled,D49,4019,0,P22392,FALSE
56,49,E,10.24,58.17391836,3BBF-alt1A_assembled,E49,5229,0,P22392,FALSE
69,49,F,10.7,41.41875754,3BBF-alt1A_assembled,F49,6439,0,P22392,FALSE
5,56,A,10.4,57.90583579,AF-P22392-F1-model_v1,A56,461,95.25,P22392,FALSE
5,56,A,10.51,60.31857895,1NSK-alt-1_assembled,A56,454,0,P22392,FALSE
18,56,B,10.43,54.42076234,1NSK-alt-1_assembled,B56,1654,0,P22392,FALSE
31,56,C,10.54,56.56542293,1NSK-alt-1_assembled,C56,2854,0,P22392,FALSE
44,56,D,10.46,51.8739779,1NSK-alt-1_assembled,D56,4054,0,P22392,FALSE
57,56,E,10.52,55.62713392,1NSK-alt-1_assembled,E56,5254,0,P22392,FALSE
70,56,F,10.51,59.91645509,1NSK-alt-1_assembled,F56,6454,0,P22392,FALSE
5,56,A,10.61,58.57604222,1NUE-alt-1_assembled,A56,453,0,P22392,FALSE
18,56,B,10.94,52.54418433,1NUE-alt-1_assembled,B56,1662,0,P22392,FALSE
31,56,C,10.88,63.13344597,1NUE-alt-1_assembled,C56,2871,0,P22392,FALSE
44,56,D,10.37,69.56742772,1NUE-alt-1_assembled,D56,4080,0,P22392,FALSE
57,56,E,10.66,57.7717945,1NUE-alt-1_assembled,E56,5289,0,P22392,FALSE
70,56,F,10.54,49.32719345,1NUE-alt-1_assembled,F56,6498,0,P22392,FALSE
5,56,A,10.37,57.63775322,3BBB-alt1B_assembled,A56,453,0,P22392,FALSE
18,56,B,10.58,56.56542293,3BBB-alt1B_assembled,B56,1663,0,P22392,FALSE
31,56,C,10.52,60.45262024,3BBB-alt1B_assembled,C56,2852,0,P22392,FALSE
44,56,D,10.38,81.63114351,3BBB-alt1B_assembled,D56,4062,0,P22392,FALSE
57,56,E,10.86,54.42076234,3BBB-alt1B_assembled,E56,5251,0,P22392,FALSE
70,56,F,10.58,55.89521649,3BBB-alt1B_assembled,F56,6461,0,P22392,FALSE
5,56,A,10.37,57.63775322,3BBB-alt1A_assembled,A56,453,0,P22392,FALSE
18,56,B,10.58,56.56542293,3BBB-alt1A_assembled,B56,1663,0,P22392,FALSE
31,56,C,10.52,60.45262024,3BBB-alt1A_assembled,C56,2852,0,P22392,FALSE
44,56,D,10.38,81.63114351,3BBB-alt1A_assembled,D56,4062,0,P22392,FALSE
57,56,E,10.86,54.42076234,3BBB-alt1A_assembled,E56,5251,0,P22392,FALSE
70,56,F,10.58,55.89521649,3BBB-alt1A_assembled,F56,6461,0,P22392,FALSE
5,56,A,10.93,58.57604222,3BBC-alt1B_assembled,A56,453,0,P22392,FALSE
18,56,B,10.38,58.30795965,3BBC-alt1B_assembled,B56,1657,0,P22392,FALSE
31,56,C,10.98,54.42076234,3BBC-alt1B_assembled,C56,2861,0,P22392,FALSE
44,56,D,11.04,63.53556983,3BBC-alt1B_assembled,D56,4065,0,P22392,FALSE
57,56,E,10.75,52.14206047,3BBC-alt1B_assembled,E56,5269,0,P22392,FALSE
70,56,F,10.64,61.92707439,3BBC-alt1B_assembled,F56,6473,0,P22392,FALSE
5,56,A,10.93,58.57604222,3BBC-alt1A_assembled,A56,453,0,P22392,FALSE
18,56,B,10.38,58.30795965,3BBC-alt1A_assembled,B56,1657,0,P22392,FALSE
31,56,C,10.98,54.42076234,3BBC-alt1A_assembled,C56,2861,0,P22392,FALSE
44,56,D,11.04,63.53556983,3BBC-alt1A_assembled,D56,4065,0,P22392,FALSE
57,56,E,10.75,52.14206047,3BBC-alt1A_assembled,E56,5269,0,P22392,FALSE
70,56,F,10.39,61.92707439,3BBC-alt1A_assembled,F56,6473,0,P22392,FALSE
5,56,A,10.29,57.63775322,3BBF-alt1B_assembled,A56,453,0,P22392,FALSE
18,56,B,10.39,55.49309263,3BBF-alt1B_assembled,B56,1663,0,P22392,FALSE
31,56,C,10.91,58.71008351,3BBF-alt1B_assembled,C56,2873,0,P22392,FALSE
44,56,D,10.36,68.09297357,3BBF-alt1B_assembled,D56,4083,0,P22392,FALSE
57,56,E,10.96,48.79102831,3BBF-alt1B_assembled,E56,5293,0,P22392,FALSE
70,56,F,10.42,46.24424386,3BBF-alt1B_assembled,F56,6503,0,P22392,FALSE
5,56,A,10.29,57.63775322,3BBF-alt1A_assembled,A56,453,0,P22392,FALSE
18,56,B,10.39,55.49309263,3BBF-alt1A_assembled,B56,1663,0,P22392,FALSE
31,56,C,10.91,58.71008351,3BBF-alt1A_assembled,C56,2873,0,P22392,FALSE
44,56,D,10.35,68.09297357,3BBF-alt1A_assembled,D56,4083,0,P22392,FALSE
57,56,E,10.96,48.79102831,3BBF-alt1A_assembled,E56,5293,0,P22392,FALSE
70,56,F,10.42,46.24424386,3BBF-alt1A_assembled,F56,6503,0,P22392,FALSE
6,66,A,10.47,92.75657029,AF-P22392-F1-model_v1,A66,544,97.11,P22392,FALSE
6,66,A,10.5,77.60990491,1NSK-alt-1_assembled,A66,537,0,P22392,FALSE
19,66,B,10.5,86.85875369,1NSK-alt-1_assembled,B66,1737,0,P22392,FALSE
32,66,C,10.5,77.87798749,1NSK-alt-1_assembled,C66,2937,0,P22392,FALSE
45,66,D,10.5,78.68223521,1NSK-alt-1_assembled,D66,4137,0,P22392,FALSE
58,66,E,10.5,78.95031778,1NSK-alt-1_assembled,E66,5337,0,P22392,FALSE
71,66,F,10.5,81.49710222,1NSK-alt-1_assembled,F66,6537,0,P22392,FALSE
6,66,A,11.17,71.30996445,1NUE-alt-1_assembled,A66,536,0,P22392,FALSE
19,66,B,11.34,58.44200094,1NUE-alt-1_assembled,B66,1745,0,P22392,FALSE
32,66,C,11.47,65.54618912,1NUE-alt-1_assembled,C66,2954,0,P22392,FALSE
45,66,D,11.44,58.03987708,1NUE-alt-1_assembled,D66,4163,0,P22392,FALSE
58,66,E,10.6,64.33981755,1NUE-alt-1_assembled,E66,5372,0,P22392,FALSE
71,66,F,10.62,70.23763415,1NUE-alt-1_assembled,F66,6581,0,P22392,FALSE
6,66,A,10.33,91.95232258,3BBB-alt1B_assembled,A66,536,0,P22392,FALSE
19,66,B,11.37,65.01002398,3BBB-alt1B_assembled,B66,1746,0,P22392,FALSE
32,66,C,10.41,87.79704269,3BBB-alt1B_assembled,C66,2935,0,P22392,FALSE
45,66,D,10.45,98.38630433,3BBB-alt1B_assembled,D66,4145,0,P22392,FALSE
58,66,E,10.31,83.7758041,3BBB-alt1B_assembled,E66,5334,0,P22392,FALSE
71,66,F,11.33,64.87598269,3BBB-alt1B_assembled,F66,6544,0,P22392,FALSE
6,66,A,10.34,91.95232258,3BBB-alt1A_assembled,A66,536,0,P22392,FALSE
19,66,B,11.32,65.01002398,3BBB-alt1A_assembled,B66,1746,0,P22392,FALSE
32,66,C,10.42,87.79704269,3BBB-alt1A_assembled,C66,2935,0,P22392,FALSE
45,66,D,10.45,98.38630433,3BBB-alt1A_assembled,D66,4145,0,P22392,FALSE
58,66,E,10.32,83.7758041,3BBB-alt1A_assembled,E66,5334,0,P22392,FALSE
71,66,F,11.33,64.87598269,3BBB-alt1A_assembled,F66,6544,0,P22392,FALSE
6,66,A,10.47,93.82890059,3BBC-alt1B_assembled,A66,536,0,P22392,FALSE
19,66,B,10.35,76.93969848,3BBC-alt1B_assembled,B66,1740,0,P22392,FALSE
32,66,C,10.5,85.78642339,3BBC-alt1B_assembled,C66,2944,0,P22392,FALSE
45,66,D,10.44,61.7930331,3BBC-alt1B_assembled,D66,4148,0,P22392,FALSE
58,66,E,10.43,81.49710222,3BBC-alt1B_assembled,E66,5352,0,P22392,FALSE
71,66,F,10.39,83.64176281,3BBC-alt1B_assembled,F66,6556,0,P22392,FALSE
6,66,A,10.47,93.82890059,3BBC-alt1A_assembled,A66,536,0,P22392,FALSE
19,66,B,10.35,76.80565719,3BBC-alt1A_assembled,B66,1740,0,P22392,FALSE
32,66,C,10.5,85.78642339,3BBC-alt1A_assembled,C66,2944,0,P22392,FALSE
45,66,D,10.44,61.7930331,3BBC-alt1A_assembled,D66,4148,0,P22392,FALSE
58,66,E,10.43,81.49710222,3BBC-alt1A_assembled,E66,5352,0,P22392,FALSE
71,66,F,10.39,83.64176281,3BBC-alt1A_assembled,F66,6556,0,P22392,FALSE
6,66,A,10.28,85.38429953,3BBF-alt1B_assembled,A66,536,0,P22392,FALSE
19,66,B,11.45,61.7930331,3BBF-alt1B_assembled,B66,1746,0,P22392,FALSE
32,66,C,10.48,82.03326737,3BBF-alt1B_assembled,C66,2956,0,P22392,FALSE
45,66,D,11.38,61.7930331,3BBF-alt1B_assembled,D66,4166,0,P22392,FALSE
58,66,E,11.33,49.8633586,3BBF-alt1B_assembled,E66,5376,0,P22392,FALSE
71,66,F,10.81,67.15468456,3BBF-alt1B_assembled,F66,6586,0,P22392,FALSE
6,66,A,10.28,85.38429953,3BBF-alt1A_assembled,A66,536,0,P22392,FALSE
19,66,B,11.45,61.7930331,3BBF-alt1A_assembled,B66,1746,0,P22392,FALSE
32,66,C,10.48,82.03326737,3BBF-alt1A_assembled,C66,2956,0,P22392,FALSE
45,66,D,11.38,61.7930331,3BBF-alt1A_assembled,D66,4166,0,P22392,FALSE
58,66,E,11.33,49.8633586,3BBF-alt1A_assembled,E66,5376,0,P22392,FALSE
71,66,F,10.81,67.15468456,3BBF-alt1A_assembled,F66,6586,0,P22392,FALSE
7,85,A,10.43,123.3179836,AF-P22392-F1-model_v1,A85,689,98.48,P22392,FALSE
7,85,A,10.47,71.98017088,1NSK-alt-1_assembled,A85,682,0,P22392,FALSE
20,85,B,10.47,82.83751509,1NSK-alt-1_assembled,B85,1882,0,P22392,FALSE
33,85,C,10.46,73.05250117,1NSK-alt-1_assembled,C85,3082,0,P22392,FALSE
46,85,D,10.47,75.86736819,1NSK-alt-1_assembled,D85,4282,0,P22392,FALSE
59,85,E,10.46,77.87798749,1NSK-alt-1_assembled,E85,5482,0,P22392,FALSE
72,85,F,10.47,80.02264807,1NSK-alt-1_assembled,F85,6682,0,P22392,FALSE
7,85,A,10.4,75.06312047,1NUE-alt-1_assembled,A85,681,0,P22392,FALSE
20,85,B,10.4,76.93969848,1NUE-alt-1_assembled,B85,1890,0,P22392,FALSE
33,85,C,10.4,75.7333269,1NUE-alt-1_assembled,C85,3099,0,P22392,FALSE
46,85,D,10.39,73.85674889,1NUE-alt-1_assembled,D85,4308,0,P22392,FALSE
59,85,E,10.4,75.33120304,1NUE-alt-1_assembled,E85,5517,0,P22392,FALSE
72,85,F,10.4,70.50571673,1NUE-alt-1_assembled,F85,6726,0,P22392,FALSE
7,85,A,10.08,73.45462503,3BBB-alt1B_assembled,A85,681,0,P22392,FALSE
20,85,B,10,69.43338643,3BBB-alt1B_assembled,B85,1891,0,P22392,FALSE
33,85,C,10.44,84.44601053,3BBB-alt1B_assembled,C85,3080,0,P22392,FALSE
46,85,D,10,75.33120304,3BBB-alt1B_assembled,D85,4290,0,P22392,FALSE
59,85,E,10.37,61.12282667,3BBB-alt1B_assembled,E85,5479,0,P22392,FALSE
72,85,F,9.49,63.40152854,3BBB-alt1B_assembled,F85,6689,0,P22392,FALSE
7,85,A,10.08,81.7651848,3BBB-alt1A_assembled,A85,681,0,P22392,FALSE
20,85,B,10,69.43338643,3BBB-alt1A_assembled,B85,1891,0,P22392,FALSE
33,85,C,10.37,76.00140948,3BBB-alt1A_assembled,C85,3080,0,P22392,FALSE
46,85,D,10,75.33120304,3BBB-alt1A_assembled,D85,4290,0,P22392,FALSE
59,85,E,10.45,78.41415263,3BBB-alt1A_assembled,E85,5479,0,P22392,FALSE
72,85,F,9.49,63.40152854,3BBB-alt1A_assembled,F85,6689,0,P22392,FALSE
7,85,A,10.45,76.26949205,3BBC-alt1B_assembled,A85,681,0,P22392,FALSE
20,85,B,10.45,88.33320784,3BBC-alt1B_assembled,B85,1885,0,P22392,FALSE
33,85,C,10.06,65.41214784,3BBC-alt1B_assembled,C85,3089,0,P22392,FALSE
46,85,D,10.41,90.34382714,3BBC-alt1B_assembled,D85,4293,0,P22392,FALSE
59,85,E,10.2,57.63775322,3BBC-alt1B_assembled,E85,5497,0,P22392,FALSE
72,85,F,10.32,62.32919825,3BBC-alt1B_assembled,F85,6701,0,P22392,FALSE
7,85,A,10.45,76.26949205,3BBC-alt1A_assembled,A85,681,0,P22392,FALSE
20,85,B,10.45,88.33320784,3BBC-alt1A_assembled,B85,1885,0,P22392,FALSE
33,85,C,10.06,65.41214784,3BBC-alt1A_assembled,C85,3089,0,P22392,FALSE
46,85,D,10.41,90.34382714,3BBC-alt1A_assembled,D85,4293,0,P22392,FALSE
59,85,E,10.2,57.63775322,3BBC-alt1A_assembled,E85,5497,0,P22392,FALSE
72,85,F,10.32,62.32919825,3BBC-alt1A_assembled,F85,6701,0,P22392,FALSE
7,85,A,10.47,62.32919825,3BBF-alt1B_assembled,A85,681,0,P22392,FALSE
20,85,B,10.52,84.31196924,3BBF-alt1B_assembled,B85,1891,0,P22392,FALSE
33,85,C,10.05,68.22701486,3BBF-alt1B_assembled,C85,3101,0,P22392,FALSE
46,85,D,10.14,82.03326737,3BBF-alt1B_assembled,D85,4311,0,P22392,FALSE
59,85,E,9.76,71.30996445,3BBF-alt1B_assembled,E85,5521,0,P22392,FALSE
72,85,F,10.41,80.02264807,3BBF-alt1B_assembled,F85,6731,0,P22392,FALSE
7,85,A,10.46,91.01403357,3BBF-alt1A_assembled,A85,681,0,P22392,FALSE
20,85,B,10.52,84.31196924,3BBF-alt1A_assembled,B85,1891,0,P22392,FALSE
33,85,C,10.33,85.11621696,3BBF-alt1A_assembled,C85,3101,0,P22392,FALSE
46,85,D,10.14,82.03326737,3BBF-alt1A_assembled,D85,4311,0,P22392,FALSE
59,85,E,9.76,71.30996445,3BBF-alt1A_assembled,E85,5521,0,P22392,FALSE
72,85,F,10.41,80.02264807,3BBF-alt1A_assembled,F85,6731,0,P22392,FALSE
8,100,A,10.53,104.9543274,AF-P22392-F1-model_v1,A100,797,98.72,P22392,FALSE
8,100,A,10.43,76.26949205,1NSK-alt-1_assembled,A100,790,0,P22392,FALSE
21,100,B,10.17,81.89922608,1NSK-alt-1_assembled,B100,1990,0,P22392,FALSE
34,100,C,10.17,81.22901965,1NSK-alt-1_assembled,C100,3190,0,P22392,FALSE
47,100,D,10.3,79.88860679,1NSK-alt-1_assembled,D100,4390,0,P22392,FALSE
60,100,E,10.43,81.09497836,1NSK-alt-1_assembled,E100,5590,0,P22392,FALSE
73,100,F,10.3,80.69285451,1NSK-alt-1_assembled,F100,6790,0,P22392,FALSE
8,100,A,10.15,81.49710222,1NUE-alt-1_assembled,A100,789,0,P22392,FALSE
21,100,B,10.14,76.67161591,1NUE-alt-1_assembled,B100,1998,0,P22392,FALSE
34,100,C,10.16,76.80565719,1NUE-alt-1_assembled,C100,3207,0,P22392,FALSE
47,100,D,10.18,82.43539123,1NUE-alt-1_assembled,D100,4416,0,P22392,FALSE
60,100,E,10.18,79.08435907,1NUE-alt-1_assembled,E100,5625,0,P22392,FALSE
73,100,F,10.14,71.57804702,1NUE-alt-1_assembled,F100,6834,0,P22392,FALSE
8,100,A,10.3,83.50772152,3BBB-alt1B_assembled,A100,789,0,P22392,FALSE
21,100,B,10.43,81.36306094,3BBB-alt1B_assembled,B100,1999,0,P22392,FALSE
34,100,C,10.36,81.22901965,3BBB-alt1B_assembled,C100,3188,0,P22392,FALSE
47,100,D,10.39,81.7651848,3BBB-alt1B_assembled,D100,4398,0,P22392,FALSE
60,100,E,10.36,73.7227076,3BBB-alt1B_assembled,E100,5587,0,P22392,FALSE
73,100,F,10.43,73.85674889,3BBB-alt1B_assembled,F100,6797,0,P22392,FALSE
8,100,A,10.3,83.50772152,3BBB-alt1A_assembled,A100,789,0,P22392,FALSE
21,100,B,10.42,81.36306094,3BBB-alt1A_assembled,B100,1999,0,P22392,FALSE
34,100,C,10.36,81.22901965,3BBB-alt1A_assembled,C100,3188,0,P22392,FALSE
47,100,D,10.42,81.7651848,3BBB-alt1A_assembled,D100,4398,0,P22392,FALSE
60,100,E,10.4,73.7227076,3BBB-alt1A_assembled,E100,5587,0,P22392,FALSE
73,100,F,10.3,73.85674889,3BBB-alt1A_assembled,F100,6797,0,P22392,FALSE
8,100,A,10.44,87.52896012,3BBC-alt1B_assembled,A100,783,0,P22392,FALSE
21,100,B,10.35,77.47586363,3BBC-alt1B_assembled,B100,1987,0,P22392,FALSE
34,100,C,10.33,84.84813439,3BBC-alt1B_assembled,C100,3191,0,P22392,FALSE
47,100,D,10.44,77.34182234,3BBC-alt1B_assembled,D100,4395,0,P22392,FALSE
60,100,E,10.36,92.08636386,3BBC-alt1B_assembled,E100,5599,0,P22392,FALSE
73,100,F,10.13,79.48648293,3BBC-alt1B_assembled,F100,6803,0,P22392,FALSE
8,100,A,10.44,87.52896012,3BBC-alt1A_assembled,A100,783,0,P22392,FALSE
21,100,B,10.35,77.47586363,3BBC-alt1A_assembled,B100,1987,0,P22392,FALSE
34,100,C,10.33,84.84813439,3BBC-alt1A_assembled,C100,3191,0,P22392,FALSE
47,100,D,10.44,77.34182234,3BBC-alt1A_assembled,D100,4395,0,P22392,FALSE
60,100,E,10.36,92.08636386,3BBC-alt1A_assembled,E100,5599,0,P22392,FALSE
73,100,F,10.13,79.48648293,3BBC-alt1A_assembled,F100,6803,0,P22392,FALSE
8,100,A,10.06,81.89922608,3BBF-alt1B_assembled,A100,789,0,P22392,FALSE
21,100,B,10.32,76.53757462,3BBF-alt1B_assembled,B100,1999,0,P22392,FALSE
34,100,C,10.42,84.58005182,3BBF-alt1B_assembled,C100,3209,0,P22392,FALSE
47,100,D,10.3,84.98217567,3BBF-alt1B_assembled,D100,4419,0,P22392,FALSE
60,100,E,10.38,83.37368024,3BBF-alt1B_assembled,E100,5629,0,P22392,FALSE
73,100,F,10.1,73.85674889,3BBF-alt1B_assembled,F100,6839,0,P22392,FALSE
8,100,A,10.06,81.89922608,3BBF-alt1A_assembled,A100,789,0,P22392,FALSE
21,100,B,10.32,76.53757462,3BBF-alt1A_assembled,B100,1999,0,P22392,FALSE
34,100,C,10.42,84.58005182,3BBF-alt1A_assembled,C100,3209,0,P22392,FALSE
47,100,D,10.3,84.98217567,3BBF-alt1A_assembled,D100,4419,0,P22392,FALSE
60,100,E,10.38,83.37368024,3BBF-alt1A_assembled,E100,5629,0,P22392,FALSE
73,100,F,10.1,73.85674889,3BBF-alt1A_assembled,F100,6839,0,P22392,FALSE
9,124,A,10.46,107.3670705,AF-P22392-F1-model_v1,A124,976,97.96,P22392,FALSE
9,124,A,10.44,84.17792796,1NSK-alt-1_assembled,A124,969,0,P22392,FALSE
22,124,B,10.44,89.13745556,1NSK-alt-1_assembled,B124,2169,0,P22392,FALSE
35,124,C,10.44,82.7034738,1NSK-alt-1_assembled,C124,3369,0,P22392,FALSE
48,124,D,10.45,75.46524433,1NSK-alt-1_assembled,D124,4569,0,P22392,FALSE
61,124,E,10.44,82.43539123,1NSK-alt-1_assembled,E124,5769,0,P22392,FALSE
74,124,F,10.44,79.7545655,1NSK-alt-1_assembled,F124,6969,0,P22392,FALSE
9,124,A,10.47,99.86075848,1NUE-alt-1_assembled,A124,968,0,P22392,FALSE
22,124,B,10.48,90.07574456,1NUE-alt-1_assembled,B124,2177,0,P22392,FALSE
35,124,C,10.53,89.40553813,1NUE-alt-1_assembled,C124,3386,0,P22392,FALSE
48,124,D,10.48,98.92246948,1NUE-alt-1_assembled,D124,4595,0,P22392,FALSE
61,124,E,10.47,87.79704269,1NUE-alt-1_assembled,E124,5804,0,P22392,FALSE
74,124,F,10.5,88.06512527,1NUE-alt-1_assembled,F124,7013,0,P22392,FALSE
9,124,A,10.43,112.8627633,3BBB-alt1B_assembled,A124,968,0,P22392,FALSE
22,124,B,10.45,98.11822176,3BBB-alt1B_assembled,B124,2178,0,P22392,FALSE
35,124,C,10.51,88.19916655,3BBB-alt1B_assembled,C124,3367,0,P22392,FALSE
48,124,D,10.48,105.4904925,3BBB-alt1B_assembled,D124,4577,0,P22392,FALSE
61,124,E,10.46,89.00341427,3BBB-alt1B_assembled,E124,5766,0,P22392,FALSE
74,124,F,10.33,87.79704269,3BBB-alt1B_assembled,F124,6976,0,P22392,FALSE
9,124,A,10.43,112.8627633,3BBB-alt1A_assembled,A124,968,0,P22392,FALSE
22,124,B,10.45,98.11822176,3BBB-alt1A_assembled,B124,2178,0,P22392,FALSE
35,124,C,10.51,88.19916655,3BBB-alt1A_assembled,C124,3367,0,P22392,FALSE
48,124,D,10.48,105.4904925,3BBB-alt1A_assembled,D124,4577,0,P22392,FALSE
61,124,E,10.46,89.00341427,3BBB-alt1A_assembled,E124,5766,0,P22392,FALSE
74,124,F,10.33,87.79704269,3BBB-alt1A_assembled,F124,6976,0,P22392,FALSE
9,124,A,10.59,92.48848772,3BBC-alt1B_assembled,A124,962,0,P22392,FALSE
22,124,B,10.48,95.83951989,3BBC-alt1B_assembled,B124,2166,0,P22392,FALSE
35,124,C,10.26,73.58866632,3BBC-alt1B_assembled,C124,3370,0,P22392,FALSE
48,124,D,10.16,87.66300141,3BBC-alt1B_assembled,D124,4574,0,P22392,FALSE
61,124,E,10.39,97.98418047,3BBC-alt1B_assembled,E124,5778,0,P22392,FALSE
74,124,F,10.41,67.42276714,3BBC-alt1B_assembled,F124,6982,0,P22392,FALSE
9,124,A,10.59,92.48848772,3BBC-alt1A_assembled,A124,962,0,P22392,FALSE
22,124,B,10.48,95.83951989,3BBC-alt1A_assembled,B124,2166,0,P22392,FALSE
35,124,C,10.26,73.58866632,3BBC-alt1A_assembled,C124,3370,0,P22392,FALSE
48,124,D,10.52,106.5628228,3BBC-alt1A_assembled,D124,4574,0,P22392,FALSE
61,124,E,10.42,96.91185018,3BBC-alt1A_assembled,E124,5778,0,P22392,FALSE
74,124,F,10.42,83.10559766,3BBC-alt1A_assembled,F124,6982,0,P22392,FALSE
9,124,A,10.47,98.11822176,3BBF-alt1B_assembled,A124,968,0,P22392,FALSE
22,124,B,10.44,90.20978585,3BBF-alt1B_assembled,B124,2178,0,P22392,FALSE
35,124,C,10.62,79.21840035,3BBF-alt1B_assembled,C124,3388,0,P22392,FALSE
48,124,D,10.42,94.49910702,3BBF-alt1B_assembled,D124,4598,0,P22392,FALSE
61,124,E,10.44,86.45662983,3BBF-alt1B_assembled,E124,5808,0,P22392,FALSE
74,124,F,10.44,83.10559766,3BBF-alt1B_assembled,F124,7018,0,P22392,FALSE
9,124,A,10.47,98.11822176,3BBF-alt1A_assembled,A124,968,0,P22392,FALSE
22,124,B,10.4,85.25025825,3BBF-alt1A_assembled,B124,2178,0,P22392,FALSE
35,124,C,10.62,79.21840035,3BBF-alt1A_assembled,C124,3388,0,P22392,FALSE
48,124,D,10.42,94.49910702,3BBF-alt1A_assembled,D124,4598,0,P22392,FALSE
61,124,E,10.44,86.45662983,3BBF-alt1A_assembled,E124,5808,0,P22392,FALSE
74,124,F,10.44,83.10559766,3BBF-alt1A_assembled,F124,7018,0,P22392,FALSE
10,128,A,11.14,64.20577626,AF-P22392-F1-model_v1,A128,1005,98.08,P22392,FALSE
10,128,A,10.3,70.37167544,1NSK-alt-1_assembled,A128,998,0,P22392,FALSE
23,128,B,10.3,72.24825345,1NSK-alt-1_assembled,B128,2198,0,P22392,FALSE
36,128,C,10.28,70.23763415,1NSK-alt-1_assembled,C128,3398,0,P22392,FALSE
49,128,D,10.27,67.55680842,1NSK-alt-1_assembled,D128,4598,0,P22392,FALSE
62,128,E,10.3,70.10359287,1NSK-alt-1_assembled,E128,5798,0,P22392,FALSE
75,128,F,10.27,71.57804702,1NSK-alt-1_assembled,F128,6998,0,P22392,FALSE
10,128,A,10.12,58.30795965,1NUE-alt-1_assembled,A128,997,0,P22392,FALSE
23,128,B,10.09,54.28672105,1NUE-alt-1_assembled,B128,2206,0,P22392,FALSE
36,128,C,10.07,55.09096877,1NUE-alt-1_assembled,C128,3415,0,P22392,FALSE
49,128,D,10.16,53.48247333,1NUE-alt-1_assembled,D128,4624,0,P22392,FALSE
62,128,E,10.17,54.68884491,1NUE-alt-1_assembled,E128,5833,0,P22392,FALSE
75,128,F,10.2,54.15267977,1NUE-alt-1_assembled,F128,7042,0,P22392,FALSE
10,128,A,10.65,86.18854725,3BBB-alt1B_assembled,A128,997,0,P22392,FALSE
23,128,B,10.18,61.25686795,3BBB-alt1B_assembled,B128,2207,0,P22392,FALSE
36,128,C,10.6,64.87598269,3BBB-alt1B_assembled,C128,3396,0,P22392,FALSE
49,128,D,9.87,50.8016476,3BBB-alt1B_assembled,D128,4606,0,P22392,FALSE
62,128,E,10.72,60.8547441,3BBB-alt1B_assembled,E128,5795,0,P22392,FALSE
75,128,F,10.64,58.03987708,3BBB-alt1B_assembled,F128,7005,0,P22392,FALSE
10,128,A,10.65,86.18854725,3BBB-alt1A_assembled,A128,997,0,P22392,FALSE
23,128,B,10.18,61.25686795,3BBB-alt1A_assembled,B128,2207,0,P22392,FALSE
36,128,C,10.6,64.87598269,3BBB-alt1A_assembled,C128,3396,0,P22392,FALSE
49,128,D,9.87,50.8016476,3BBB-alt1A_assembled,D128,4606,0,P22392,FALSE
62,128,E,10.72,60.8547441,3BBB-alt1A_assembled,E128,5795,0,P22392,FALSE
75,128,F,10.64,58.03987708,3BBB-alt1A_assembled,F128,7005,0,P22392,FALSE
10,128,A,9.99,55.49309263,3BBC-alt1B_assembled,A128,991,0,P22392,FALSE
23,128,B,10.28,59.24624866,3BBC-alt1B_assembled,B128,2195,0,P22392,FALSE
36,128,C,10.79,61.52495053,3BBC-alt1B_assembled,C128,3399,0,P22392,FALSE
49,128,D,10.95,67.28872585,3BBC-alt1B_assembled,D128,4603,0,P22392,FALSE
62,128,E,10.74,72.11421217,3BBC-alt1B_assembled,E128,5807,0,P22392,FALSE
75,128,F,10.15,69.03126257,3BBC-alt1B_assembled,F128,7011,0,P22392,FALSE
10,128,A,9.99,55.49309263,3BBC-alt1A_assembled,A128,991,0,P22392,FALSE
23,128,B,10.28,59.24624866,3BBC-alt1A_assembled,B128,2195,0,P22392,FALSE
36,128,C,10.79,61.52495053,3BBC-alt1A_assembled,C128,3399,0,P22392,FALSE
49,128,D,10.74,63.40152854,3BBC-alt1A_assembled,D128,4603,0,P22392,FALSE
62,128,E,10.73,72.38229474,3BBC-alt1A_assembled,E128,5807,0,P22392,FALSE
75,128,F,10.07,47.18253287,3BBC-alt1A_assembled,F128,7011,0,P22392,FALSE
10,128,A,9.91,45.97616129,3BBF-alt1B_assembled,A128,997,0,P22392,FALSE
23,128,B,10.09,56.29734035,3BBF-alt1B_assembled,B128,2207,0,P22392,FALSE
36,128,C,10.11,63.40152854,3BBF-alt1B_assembled,C128,3417,0,P22392,FALSE
49,128,D,9.97,49.59527602,3BBF-alt1B_assembled,D128,4627,0,P22392,FALSE
62,128,E,10.58,51.60589532,3BBF-alt1B_assembled,E128,5837,0,P22392,FALSE
75,128,F,10.15,62.06111567,3BBF-alt1B_assembled,F128,7047,0,P22392,FALSE
10,128,A,9.91,45.97616129,3BBF-alt1A_assembled,A128,997,0,P22392,FALSE
23,128,B,10.03,56.16329907,3BBF-alt1A_assembled,B128,2207,0,P22392,FALSE
36,128,C,10.1,63.40152854,3BBF-alt1A_assembled,C128,3417,0,P22392,FALSE
49,128,D,9.97,49.59527602,3BBF-alt1A_assembled,D128,4627,0,P22392,FALSE
62,128,E,10.58,51.60589532,3BBF-alt1A_assembled,E128,5837,0,P22392,FALSE
75,128,F,10.15,62.06111567,3BBF-alt1A_assembled,F128,7047,0,P22392,FALSE
11,135,A,10.46,79.35244164,AF-P22392-F1-model_v1,A135,1070,98.46,P22392,FALSE
11,135,A,10.66,74.12483146,1NSK-alt-1_assembled,A135,1063,0,P22392,FALSE
24,135,B,10.47,77.7439462,1NSK-alt-1_assembled,B135,2263,0,P22392,FALSE
37,135,C,10.46,82.7034738,1NSK-alt-1_assembled,C135,3463,0,P22392,FALSE
50,135,D,10.67,80.02264807,1NSK-alt-1_assembled,D135,4663,0,P22392,FALSE
63,135,E,10.45,77.60990491,1NSK-alt-1_assembled,E135,5863,0,P22392,FALSE
76,135,F,10.67,83.10559766,1NSK-alt-1_assembled,F135,7063,0,P22392,FALSE
11,135,A,10.65,68.89722129,1NUE-alt-1_assembled,A135,1062,0,P22392,FALSE
24,135,B,10.92,62.32919825,1NUE-alt-1_assembled,B135,2271,0,P22392,FALSE
37,135,C,10.61,67.42276714,1NUE-alt-1_assembled,C135,3480,0,P22392,FALSE
50,135,D,10.9,78.28011135,1NUE-alt-1_assembled,D135,4689,0,P22392,FALSE
63,135,E,10.6,74.52695532,1NUE-alt-1_assembled,E135,5898,0,P22392,FALSE
76,135,F,10.78,69.29934515,1NUE-alt-1_assembled,F135,7107,0,P22392,FALSE
11,135,A,10.56,114.7393413,3BBB-alt1B_assembled,A135,1062,0,P22392,FALSE
24,135,B,10.56,60.72070281,3BBB-alt1B_assembled,B135,2272,0,P22392,FALSE
37,135,C,10.99,61.25686795,3BBB-alt1B_assembled,C135,3461,0,P22392,FALSE
50,135,D,10.89,103.2117906,3BBB-alt1B_assembled,D135,4671,0,P22392,FALSE
63,135,E,10.91,57.36967064,3BBB-alt1B_assembled,E135,5860,0,P22392,FALSE
76,135,F,10.6,70.63975801,3BBB-alt1B_assembled,F135,7070,0,P22392,FALSE
11,135,A,10.56,114.7393413,3BBB-alt1A_assembled,A135,1062,0,P22392,FALSE
24,135,B,10.56,60.72070281,3BBB-alt1A_assembled,B135,2272,0,P22392,FALSE
37,135,C,10.99,61.25686795,3BBB-alt1A_assembled,C135,3461,0,P22392,FALSE
50,135,D,10.89,103.2117906,3BBB-alt1A_assembled,D135,4671,0,P22392,FALSE
63,135,E,10.91,57.36967064,3BBB-alt1A_assembled,E135,5860,0,P22392,FALSE
76,135,F,10.6,70.63975801,3BBB-alt1A_assembled,F135,7070,0,P22392,FALSE
11,135,A,10.68,90.61190971,3BBC-alt1B_assembled,A135,1056,0,P22392,FALSE
24,135,B,10.68,62.06111567,3BBC-alt1B_assembled,B135,2260,0,P22392,FALSE
37,135,C,10.68,56.96754679,3BBC-alt1B_assembled,C135,3464,0,P22392,FALSE
50,135,D,10.83,93.96294187,3BBC-alt1B_assembled,D135,4668,0,P22392,FALSE
63,135,E,10.96,70.10359287,3BBC-alt1B_assembled,E135,5872,0,P22392,FALSE
76,135,F,11.03,57.50371193,3BBC-alt1B_assembled,F135,7076,0,P22392,FALSE
11,135,A,10.68,90.61190971,3BBC-alt1A_assembled,A135,1056,0,P22392,FALSE
24,135,B,10.68,62.06111567,3BBC-alt1A_assembled,B135,2260,0,P22392,FALSE
37,135,C,10.68,56.96754679,3BBC-alt1A_assembled,C135,3464,0,P22392,FALSE
50,135,D,10.83,93.96294187,3BBC-alt1A_assembled,D135,4668,0,P22392,FALSE
63,135,E,10.96,70.10359287,3BBC-alt1A_assembled,E135,5872,0,P22392,FALSE
76,135,F,11.03,57.50371193,3BBC-alt1A_assembled,F135,7076,0,P22392,FALSE
11,135,A,10.61,58.8441248,3BBF-alt1B_assembled,A135,1062,0,P22392,FALSE
24,135,B,10.77,63.8036524,3BBF-alt1B_assembled,B135,2272,0,P22392,FALSE
37,135,C,10.71,63.26748725,3BBF-alt1B_assembled,C135,3482,0,P22392,FALSE
50,135,D,10.96,61.25686795,3BBF-alt1B_assembled,D135,4692,0,P22392,FALSE
63,135,E,10.83,57.36967064,3BBF-alt1B_assembled,E135,5902,0,P22392,FALSE
76,135,F,10.96,56.8335055,3BBF-alt1B_assembled,F135,7112,0,P22392,FALSE
11,135,A,10.61,58.8441248,3BBF-alt1A_assembled,A135,1062,0,P22392,FALSE
24,135,B,10.77,63.8036524,3BBF-alt1A_assembled,B135,2272,0,P22392,FALSE
37,135,C,10.71,63.26748725,3BBF-alt1A_assembled,C135,3482,0,P22392,FALSE
50,135,D,10.96,61.25686795,3BBF-alt1A_assembled,D135,4692,0,P22392,FALSE
63,135,E,10.83,57.36967064,3BBF-alt1A_assembled,E135,5902,0,P22392,FALSE
76,135,F,10.96,56.8335055,3BBF-alt1A_assembled,F135,7112,0,P22392,FALSE
12,143,A,11.21,67.69084971,AF-P22392-F1-model_v1,A143,1139,96.85,P22392,FALSE
12,143,A,10.6,67.42276714,1NSK-alt-1_assembled,A143,1132,0,P22392,FALSE
25,143,B,10.6,56.29734035,1NSK-alt-1_assembled,B143,2332,0,P22392,FALSE
38,143,C,10.59,65.27810655,1NSK-alt-1_assembled,C143,3532,0,P22392,FALSE
51,143,D,10.58,59.64837252,1NSK-alt-1_assembled,D143,4732,0,P22392,FALSE
64,143,E,10.58,62.73132211,1NSK-alt-1_assembled,E143,5932,0,P22392,FALSE
77,143,F,10.59,59.11220737,1NSK-alt-1_assembled,F143,7132,0,P22392,FALSE
12,143,A,10.59,67.55680842,1NUE-alt-1_assembled,A143,1131,0,P22392,FALSE
25,143,B,10.58,61.12282667,1NUE-alt-1_assembled,B143,2340,0,P22392,FALSE
38,143,C,10.58,56.02925778,1NUE-alt-1_assembled,C143,3549,0,P22392,FALSE
51,143,D,10.58,65.14406526,1NUE-alt-1_assembled,D143,4758,0,P22392,FALSE
64,143,E,10.58,56.69946421,1NUE-alt-1_assembled,E143,5967,0,P22392,FALSE
77,143,F,10.59,66.48447813,1NUE-alt-1_assembled,F143,7176,0,P22392,FALSE
12,143,A,10.64,71.84612959,3BBB-alt1B_assembled,A143,1131,0,P22392,FALSE
25,143,B,10.55,93.02465287,3BBB-alt1B_assembled,B143,2341,0,P22392,FALSE
38,143,C,10.61,64.47385883,3BBB-alt1B_assembled,C143,3530,0,P22392,FALSE
51,143,D,10.65,70.50571673,3BBB-alt1B_assembled,D143,4740,0,P22392,FALSE
64,143,E,10.64,60.18453766,3BBB-alt1B_assembled,E143,5929,0,P22392,FALSE
77,143,F,10.58,97.85013918,3BBB-alt1B_assembled,F143,7139,0,P22392,FALSE
12,143,A,10.64,71.84612959,3BBB-alt1A_assembled,A143,1131,0,P22392,FALSE
25,143,B,10.57,93.02465287,3BBB-alt1A_assembled,B143,2341,0,P22392,FALSE
38,143,C,10.61,64.47385883,3BBB-alt1A_assembled,C143,3530,0,P22392,FALSE
51,143,D,10.65,70.50571673,3BBB-alt1A_assembled,D143,4740,0,P22392,FALSE
64,143,E,10.64,60.18453766,3BBB-alt1A_assembled,E143,5929,0,P22392,FALSE
77,143,F,10.58,97.85013918,3BBB-alt1A_assembled,F143,7139,0,P22392,FALSE
12,143,A,10.75,68.36105614,3BBC-alt1B_assembled,A143,1125,0,P22392,FALSE
25,143,B,10.78,68.49509743,3BBC-alt1B_assembled,B143,2329,0,P22392,FALSE
38,143,C,10.8,52.94630819,3BBC-alt1B_assembled,C143,3533,0,P22392,FALSE
51,143,D,10.78,71.57804702,3BBC-alt1B_assembled,D143,4737,0,P22392,FALSE
64,143,E,10.31,58.44200094,3BBC-alt1B_assembled,E143,5941,0,P22392,FALSE
77,143,F,10.66,73.45462503,3BBC-alt1B_assembled,F143,7145,0,P22392,FALSE
12,143,A,10.75,68.36105614,3BBC-alt1A_assembled,A143,1125,0,P22392,FALSE
25,143,B,10.79,68.49509743,3BBC-alt1A_assembled,B143,2329,0,P22392,FALSE
38,143,C,10.82,53.08034948,3BBC-alt1A_assembled,C143,3533,0,P22392,FALSE
51,143,D,10.78,71.84612959,3BBC-alt1A_assembled,D143,4737,0,P22392,FALSE
64,143,E,10.31,58.44200094,3BBC-alt1A_assembled,E143,5941,0,P22392,FALSE
77,143,F,10.66,73.45462503,3BBC-alt1A_assembled,F143,7145,0,P22392,FALSE
12,143,A,10.82,65.27810655,3BBF-alt1B_assembled,A143,1131,0,P22392,FALSE
25,143,B,10.37,57.23562936,3BBF-alt1B_assembled,B143,2341,0,P22392,FALSE
38,143,C,10.44,68.49509743,3BBF-alt1B_assembled,C143,3551,0,P22392,FALSE
51,143,D,10.88,67.69084971,3BBF-alt1B_assembled,D143,4761,0,P22392,FALSE
64,143,E,10.69,57.63775322,3BBF-alt1B_assembled,E143,5971,0,P22392,FALSE
77,143,F,10.93,64.33981755,3BBF-alt1B_assembled,F143,7181,0,P22392,FALSE
12,143,A,10.83,65.27810655,3BBF-alt1A_assembled,A143,1131,0,P22392,FALSE
25,143,B,10.37,57.23562936,3BBF-alt1A_assembled,B143,2341,0,P22392,FALSE
38,143,C,10.43,68.49509743,3BBF-alt1A_assembled,C143,3551,0,P22392,FALSE
51,143,D,10.84,67.69084971,3BBF-alt1A_assembled,D143,4761,0,P22392,FALSE
64,143,E,10.68,57.63775322,3BBF-alt1A_assembled,E143,5971,0,P22392,FALSE
77,143,F,10.92,64.33981755,3BBF-alt1A_assembled,F143,7181,0,P22392,FALSE